,Unnamed: 0,vehicleplatenumber,device_num,direction_angle,lng,lat,acc_state,right_turn_signals,left_turn_signals,hand_brake,foot_brake,location_time,gps_speed,mileage,time_diff
0,40991,AF00098,AAA9101098,0,115.87336299999998,27.170608,1,0,0,0,0,2018-09-09 23:25:57,0,13208,9.0
1,40992,AF00098,AAA9101098,0,115.87336299999998,27.170608,1,0,0,0,0,2018-09-09 23:26:06,0,13208,1.0
2,40993,AF00098,AAA9101098,0,115.87336299999998,27.170608,1,0,0,0,0,2018-09-09 23:26:07,0,13208,1.0
3,40994,AF00098,AAA9101098,0,115.87336299999998,27.170608,1,0,0,0,0,2018-09-09 23:26:08,0,13208,1.0
4,40995,AF00098,AAA9101098,0,115.87336299999998,27.170608,1,0,0,0,0,2018-09-09 23:26:09,0,13208,1.0
5,40996,AF00098,AAA9101098,0,115.87336299999998,27.170608,1,0,0,0,0,2018-09-09 23:26:10,0,13208,1.0
6,40997,AF00098,AAA9101098,0,115.87336299999998,27.170608,1,0,0,0,0,2018-09-09 23:26:11,0,13208,1.0
7,40998,AF00098,AAA9101098,0,115.87336299999998,27.170608,1,0,0,0,0,2018-09-09 23:26:12,0,13208,1.0
8,40999,AF00098,AAA9101098,0,115.87336299999998,27.170608,1,0,0,0,0,2018-09-09 23:26:13,0,13208,1.0
9,41000,AF00098,AAA9101098,0,115.87336299999998,27.170608,1,0,0,0,0,2018-09-09 23:26:14,0,13208,1.0
10,41001,AF00098,AAA9101098,0,115.87336299999998,27.170608,1,0,0,0,0,2018-09-09 23:26:15,0,13208,1.0
11,41002,AF00098,AAA9101098,0,115.87336299999998,27.170608,1,0,0,0,0,2018-09-09 23:26:16,0,13208,2.0
12,41003,AF00098,AAA9101098,0,115.87336299999998,27.170608,1,0,0,0,0,2018-09-09 23:26:18,0,13208,1.0
13,41004,AF00098,AAA9101098,0,115.87336299999998,27.170608,1,0,0,0,0,2018-09-09 23:26:19,0,13208,1.0
14,41005,AF00098,AAA9101098,0,115.87336299999998,27.170608,1,0,0,0,0,2018-09-09 23:26:20,0,13208,1.0
15,41006,AF00098,AAA9101098,0,115.87336299999998,27.170608,1,0,0,0,0,2018-09-09 23:26:21,0,13208,1.0
16,41007,AF00098,AAA9101098,0,115.87336299999998,27.170608,1,0,0,0,0,2018-09-09 23:26:22,0,13208,1.0
17,41008,AF00098,AAA9101098,0,115.87336299999998,27.170608,1,0,0,0,0,2018-09-09 23:26:23,0,13208,1.0
18,41009,AF00098,AAA9101098,0,115.87336299999998,27.170608,1,0,0,0,0,2018-09-09 23:26:24,0,13208,1.0
19,41010,AF00098,AAA9101098,0,115.87336299999998,27.170608,1,0,0,0,0,2018-09-09 23:26:25,0,13208,1.0
20,41011,AF00098,AAA9101098,0,115.87336299999998,27.170608,1,0,0,0,0,2018-09-09 23:26:26,0,13208,1.0
21,41012,AF00098,AAA9101098,0,115.87336299999998,27.170608,1,0,0,0,0,2018-09-09 23:26:27,0,13208,1.0
22,41013,AF00098,AAA9101098,0,115.87336299999998,27.170608,1,0,0,0,0,2018-09-09 23:26:28,0,13208,1.0
23,41014,AF00098,AAA9101098,0,115.87336299999998,27.170608,1,0,0,0,0,2018-09-09 23:26:29,0,13208,1.0
24,41015,AF00098,AAA9101098,0,115.87336299999998,27.170608,1,0,0,0,0,2018-09-09 23:26:30,0,13208,1.0
25,41016,AF00098,AAA9101098,0,115.87336299999998,27.170608,1,0,0,0,0,2018-09-09 23:26:31,0,13208,1.0
26,41017,AF00098,AAA9101098,0,115.87336299999998,27.170608,1,0,0,0,0,2018-09-09 23:26:32,0,13208,1.0
27,41018,AF00098,AAA9101098,0,115.87336299999998,27.170608,1,0,0,0,0,2018-09-09 23:26:33,0,13208,1.0
28,41019,AF00098,AAA9101098,0,115.87336299999998,27.170608,1,0,0,0,0,2018-09-09 23:26:34,0,13208,1.0
29,41020,AF00098,AAA9101098,0,115.87336299999998,27.170608,1,0,0,0,0,2018-09-09 23:26:35,0,13208,1.0
30,41021,AF00098,AAA9101098,0,115.87336299999998,27.170608,1,0,0,0,0,2018-09-09 23:26:36,0,13208,1.0
31,41022,AF00098,AAA9101098,0,115.87336299999998,27.170608,1,0,0,0,0,2018-09-09 23:26:37,0,13208,1.0
32,41023,AF00098,AAA9101098,0,115.87336299999998,27.170608,1,0,0,0,0,2018-09-09 23:26:38,0,13208,1.0
33,41024,AF00098,AAA9101098,0,115.87336299999998,27.170608,1,0,0,0,0,2018-09-09 23:26:39,0,13208,1.0
34,41025,AF00098,AAA9101098,0,115.87336299999998,27.170608,1,0,0,0,0,2018-09-09 23:26:40,0,13208,1.0
35,41026,AF00098,AAA9101098,0,115.87336299999998,27.170608,1,0,0,0,0,2018-09-09 23:26:41,0,13208,1.0
36,41027,AF00098,AAA9101098,0,115.87336299999998,27.170608,1,0,0,0,0,2018-09-09 23:26:42,0,13208,1.0
37,41028,AF00098,AAA9101098,0,115.87336299999998,27.170608,1,0,0,0,0,2018-09-09 23:26:43,0,13208,1.0
38,41029,AF00098,AAA9101098,0,115.87336299999998,27.170608,1,0,0,0,0,2018-09-09 23:26:44,0,13208,1.0
39,41030,AF00098,AAA9101098,0,115.87336299999998,27.170608,1,0,0,0,0,2018-09-09 23:26:45,0,13208,1.0
40,41031,AF00098,AAA9101098,0,115.87336299999998,27.170608,1,0,0,0,0,2018-09-09 23:26:46,0,13208,1.0
41,41032,AF00098,AAA9101098,0,115.87336299999998,27.170608,1,0,0,0,0,2018-09-09 23:26:47,0,13208,1.0
42,41033,AF00098,AAA9101098,0,115.87336299999998,27.170608,1,0,0,0,0,2018-09-09 23:26:48,0,13208,1.0
43,41034,AF00098,AAA9101098,0,115.87336299999998,27.170608,1,0,0,0,0,2018-09-09 23:26:49,0,13208,1.0
44,41035,AF00098,AAA9101098,0,115.87336299999998,27.170608,1,0,0,0,0,2018-09-09 23:26:50,0,13208,1.0
45,41036,AF00098,AAA9101098,0,115.87336299999998,27.170608,1,0,0,0,0,2018-09-09 23:26:51,0,13208,1.0
46,41037,AF00098,AAA9101098,0,115.87336299999998,27.170608,1,0,0,0,0,2018-09-09 23:26:52,0,13208,1.0
47,41038,AF00098,AAA9101098,0,115.87336299999998,27.170608,1,0,0,0,0,2018-09-09 23:26:53,0,13208,1.0
48,41039,AF00098,AAA9101098,0,115.87336299999998,27.170608,1,0,0,0,0,2018-09-09 23:26:54,0,13208,1.0
49,41040,AF00098,AAA9101098,0,115.87336299999998,27.170608,1,0,0,0,0,2018-09-09 23:26:55,0,13208,1.0
50,41041,AF00098,AAA9101098,0,115.87336299999998,27.170608,1,0,0,0,0,2018-09-09 23:26:56,0,13208,1.0
51,41042,AF00098,AAA9101098,0,115.87336299999998,27.170608,1,0,0,0,0,2018-09-09 23:26:57,0,13208,1.0
52,41043,AF00098,AAA9101098,0,115.87336299999998,27.170608,1,0,0,0,0,2018-09-09 23:26:58,0,13208,1.0
53,41044,AF00098,AAA9101098,0,115.87336299999998,27.170608,1,0,0,0,0,2018-09-09 23:26:59,0,13208,2.0
54,41045,AF00098,AAA9101098,0,115.87336299999998,27.170608,1,0,0,0,0,2018-09-09 23:27:01,0,13208,1.0
55,41046,AF00098,AAA9101098,0,115.87336299999998,27.170608,1,0,0,0,0,2018-09-09 23:27:02,0,13208,1.0
56,41047,AF00098,AAA9101098,0,115.87336299999998,27.170608,1,0,0,0,0,2018-09-09 23:27:03,0,13208,1.0
57,41048,AF00098,AAA9101098,0,115.87336299999998,27.170608,1,0,0,0,0,2018-09-09 23:27:04,0,13208,1.0
58,41049,AF00098,AAA9101098,0,115.87336299999998,27.170608,1,0,0,0,0,2018-09-09 23:27:05,0,13208,1.0
59,41050,AF00098,AAA9101098,0,115.87336299999998,27.170608,1,0,0,0,0,2018-09-09 23:27:06,0,13208,1.0
60,41051,AF00098,AAA9101098,0,115.87336299999998,27.170608,1,0,0,0,0,2018-09-09 23:27:07,0,13208,1.0
61,41052,AF00098,AAA9101098,0,115.87336299999998,27.170608,1,0,0,0,0,2018-09-09 23:27:08,0,13208,1.0
62,41053,AF00098,AAA9101098,0,115.87336299999998,27.170608,1,0,0,0,0,2018-09-09 23:27:09,0,13208,1.0
63,41054,AF00098,AAA9101098,0,115.87336299999998,27.170608,1,0,0,0,0,2018-09-09 23:27:10,0,13208,1.0
64,41055,AF00098,AAA9101098,0,115.87336299999998,27.170608,1,0,0,0,0,2018-09-09 23:27:11,0,13208,1.0
65,41056,AF00098,AAA9101098,0,115.87336299999998,27.170608,1,0,0,0,0,2018-09-09 23:27:12,0,13208,1.0
66,41057,AF00098,AAA9101098,0,115.87336299999998,27.170608,1,0,0,0,0,2018-09-09 23:27:13,0,13208,1.0
67,41058,AF00098,AAA9101098,0,115.87336299999998,27.170608,1,0,0,0,0,2018-09-09 23:27:14,0,13208,1.0
68,41059,AF00098,AAA9101098,0,115.87336299999998,27.170608,1,0,0,0,0,2018-09-09 23:27:15,0,13208,1.0
69,41060,AF00098,AAA9101098,0,115.87336299999998,27.170608,1,0,0,0,0,2018-09-09 23:27:16,0,13208,1.0
70,41061,AF00098,AAA9101098,0,115.87336299999998,27.170608,1,0,0,0,0,2018-09-09 23:27:17,0,13208,1.0
71,41062,AF00098,AAA9101098,0,115.87336299999998,27.170608,1,0,0,0,0,2018-09-09 23:27:18,0,13208,1.0
72,41063,AF00098,AAA9101098,0,115.87336299999998,27.170608,1,0,0,0,0,2018-09-09 23:27:19,0,13208,1.0
73,41064,AF00098,AAA9101098,0,115.87336299999998,27.170608,1,0,0,0,0,2018-09-09 23:27:20,0,13208,1.0
74,41065,AF00098,AAA9101098,0,115.87336299999998,27.170608,1,0,0,0,0,2018-09-09 23:27:21,0,13208,1.0
75,41066,AF00098,AAA9101098,0,115.87336299999998,27.170608,1,0,0,0,0,2018-09-09 23:27:22,0,13208,1.0
76,41067,AF00098,AAA9101098,0,115.87336299999998,27.170608,1,0,0,0,0,2018-09-09 23:27:23,0,13208,1.0
77,41068,AF00098,AAA9101098,0,115.87336299999998,27.170608,1,0,0,0,0,2018-09-09 23:27:24,0,13208,1.0
78,41069,AF00098,AAA9101098,0,115.87336299999998,27.170608,1,0,0,0,0,2018-09-09 23:27:25,0,13208,1.0
79,41070,AF00098,AAA9101098,0,115.87336299999998,27.170608,1,0,0,0,0,2018-09-09 23:27:26,0,13208,1.0
80,41071,AF00098,AAA9101098,0,115.87336299999998,27.170608,1,0,0,0,0,2018-09-09 23:27:27,0,13208,1.0
81,41072,AF00098,AAA9101098,0,115.87336299999998,27.170608,1,0,0,0,0,2018-09-09 23:27:28,0,13208,1.0
82,41073,AF00098,AAA9101098,0,115.87336299999998,27.170608,1,0,0,0,0,2018-09-09 23:27:29,0,13208,1.0
83,41074,AF00098,AAA9101098,0,115.87336299999998,27.170608,1,0,0,0,0,2018-09-09 23:27:30,0,13208,1.0
84,41075,AF00098,AAA9101098,0,115.87336299999998,27.170608,1,0,0,0,0,2018-09-09 23:27:31,0,13208,1.0
85,41076,AF00098,AAA9101098,0,115.87336299999998,27.170608,1,0,0,0,0,2018-09-09 23:27:32,0,13208,1.0
86,41077,AF00098,AAA9101098,0,115.87336299999998,27.170608,1,0,0,0,0,2018-09-09 23:27:33,0,13208,1.0
87,41078,AF00098,AAA9101098,0,115.87336299999998,27.170608,1,0,0,0,0,2018-09-09 23:27:34,0,13208,1.0
88,41079,AF00098,AAA9101098,0,115.87336299999998,27.170608,1,0,0,0,0,2018-09-09 23:27:35,0,13208,1.0
89,41080,AF00098,AAA9101098,0,115.87336299999998,27.170608,1,0,0,0,0,2018-09-09 23:27:36,0,13208,1.0
90,41081,AF00098,AAA9101098,0,115.87336299999998,27.170608,1,0,0,0,0,2018-09-09 23:27:37,0,13208,1.0
91,41082,AF00098,AAA9101098,0,115.87336299999998,27.170608,1,0,0,0,0,2018-09-09 23:27:38,0,13208,1.0
92,41083,AF00098,AAA9101098,0,115.87336299999998,27.170608,1,0,0,0,0,2018-09-09 23:27:39,0,13208,1.0
93,41084,AF00098,AAA9101098,0,115.87336299999998,27.170608,1,0,0,0,0,2018-09-09 23:27:40,0,13208,1.0
94,41085,AF00098,AAA9101098,0,115.87336299999998,27.170608,1,0,0,0,0,2018-09-09 23:27:41,0,13208,1.0
95,41086,AF00098,AAA9101098,0,115.87336299999998,27.170608,1,0,0,0,0,2018-09-09 23:27:42,0,13208,1.0
96,41087,AF00098,AAA9101098,0,115.87336299999998,27.170608,1,0,0,0,0,2018-09-09 23:27:43,0,13208,2.0
97,41088,AF00098,AAA9101098,0,115.87336299999998,27.170608,1,0,0,0,0,2018-09-09 23:27:45,0,13208,1.0
98,41089,AF00098,AAA9101098,0,115.87336299999998,27.170608,1,0,0,0,0,2018-09-09 23:27:46,0,13208,1.0
99,41090,AF00098,AAA9101098,0,115.87336299999998,27.170608,1,0,0,0,0,2018-09-09 23:27:47,0,13208,1.0
100,41091,AF00098,AAA9101098,0,115.87336299999998,27.170608,1,0,0,0,0,2018-09-09 23:27:48,0,13208,1.0
101,41092,AF00098,AAA9101098,0,115.87336299999998,27.170608,1,0,0,0,0,2018-09-09 23:27:49,0,13208,1.0
102,41093,AF00098,AAA9101098,0,115.87336299999998,27.170608,1,0,0,0,0,2018-09-09 23:27:50,0,13208,1.0
103,41094,AF00098,AAA9101098,0,115.87336299999998,27.170608,1,0,0,0,0,2018-09-09 23:27:51,0,13208,1.0
104,41095,AF00098,AAA9101098,0,115.87336299999998,27.170608,1,0,0,0,0,2018-09-09 23:27:52,0,13208,1.0
105,41096,AF00098,AAA9101098,0,115.87336299999998,27.170608,1,0,0,0,0,2018-09-09 23:27:53,0,13208,1.0
106,41097,AF00098,AAA9101098,0,115.87336299999998,27.170608,1,0,0,0,0,2018-09-09 23:27:54,0,13208,1.0
107,41098,AF00098,AAA9101098,0,115.87336299999998,27.170608,1,0,0,0,0,2018-09-09 23:27:55,0,13208,1.0
108,41099,AF00098,AAA9101098,0,115.87336299999998,27.170608,1,0,0,0,0,2018-09-09 23:27:56,0,13208,1.0
109,41100,AF00098,AAA9101098,0,115.87336299999998,27.170608,1,0,0,0,0,2018-09-09 23:27:57,0,13208,1.0
110,41101,AF00098,AAA9101098,0,115.87336299999998,27.170608,1,0,0,0,0,2018-09-09 23:27:58,0,13208,1.0
111,41102,AF00098,AAA9101098,0,115.87336299999998,27.170608,1,0,0,0,0,2018-09-09 23:27:59,0,13208,1.0
112,41103,AF00098,AAA9101098,0,115.87336299999998,27.170608,1,0,0,0,0,2018-09-09 23:28:00,0,13208,1.0
113,41104,AF00098,AAA9101098,0,115.87336299999998,27.170608,1,0,0,0,0,2018-09-09 23:28:01,0,13208,1.0
114,41105,AF00098,AAA9101098,0,115.87336299999998,27.170608,1,0,0,0,0,2018-09-09 23:28:02,0,13208,1.0
115,41106,AF00098,AAA9101098,0,115.87336299999998,27.170608,1,0,0,0,0,2018-09-09 23:28:03,0,13208,1.0
116,41107,AF00098,AAA9101098,0,115.87336299999998,27.170608,1,0,0,0,0,2018-09-09 23:28:04,0,13208,1.0
117,41108,AF00098,AAA9101098,0,115.87336299999998,27.170608,1,0,0,0,0,2018-09-09 23:28:05,0,13208,1.0
118,41109,AF00098,AAA9101098,0,115.87336299999998,27.170608,1,0,0,0,0,2018-09-09 23:28:06,0,13208,1.0
119,41110,AF00098,AAA9101098,0,115.87336299999998,27.170608,1,0,0,0,0,2018-09-09 23:28:07,0,13208,1.0
120,41111,AF00098,AAA9101098,0,115.87336299999998,27.170608,1,0,0,0,0,2018-09-09 23:28:08,0,13208,1.0
121,41112,AF00098,AAA9101098,0,115.87336299999998,27.170608,1,0,0,0,0,2018-09-09 23:28:09,0,13208,1.0
122,41113,AF00098,AAA9101098,0,115.87336299999998,27.170608,1,0,0,0,0,2018-09-09 23:28:10,0,13208,1.0
123,41114,AF00098,AAA9101098,0,115.87336299999998,27.170608,1,0,0,0,0,2018-09-09 23:28:11,0,13208,1.0
124,41115,AF00098,AAA9101098,0,115.873363,27.170608000000005,1,0,0,0,0,2018-09-09 23:28:12,0,13208,1.0
125,41116,AF00098,AAA9101098,0,115.87336300000001,27.170608000000012,1,0,0,0,0,2018-09-09 23:28:13,0,13208,1.0
126,41117,AF00098,AAA9101098,0,115.87336300000005,27.170608000000033,1,0,0,0,0,2018-09-09 23:28:14,0,13208,1.0
127,41118,AF00098,AAA9101098,0,115.87336300000023,27.170608000000108,1,0,0,0,0,2018-09-09 23:28:15,0,13208,1.0
128,41119,AF00098,AAA9101098,0,115.87336300000074,27.17060800000034,1,0,0,0,0,2018-09-09 23:28:16,0,13208,1.0
129,41120,AF00098,AAA9101098,0,115.87336300000239,27.170608000001085,1,0,0,0,0,2018-09-09 23:28:17,0,13208,1.0
130,41121,AF00098,AAA9101098,0,115.87336300000766,27.170608000003465,1,0,0,0,0,2018-09-09 23:28:18,0,13208,1.0
131,41122,AF00098,AAA9101098,0,115.87336300002448,27.170608000011065,1,0,0,0,0,2018-09-09 23:28:19,0,13208,1.0
132,41123,AF00098,AAA9101098,0,115.87336300007821,27.17060800003534,1,0,0,0,0,2018-09-09 23:28:20,0,13208,1.0
133,41124,AF00098,AAA9101098,0,115.87336300024985,27.17060800011287,1,0,0,0,0,2018-09-09 23:28:21,0,13208,1.0
134,41125,AF00098,AAA9101098,0,115.87336300079807,27.170608000360502,1,0,0,0,0,2018-09-09 23:28:22,0,13208,1.0
135,41126,AF00098,AAA9101098,0,115.87336300254901,27.170608001151418,1,0,0,0,0,2018-09-09 23:28:23,0,13208,1.0
136,41127,AF00098,AAA9101098,0,115.87336300814142,27.17060800367755,1,0,0,0,0,2018-09-09 23:28:24,0,13208,1.0
137,41128,AF00098,AAA9101098,0,115.87336302600322,27.170608011745855,1,0,0,0,0,2018-09-09 23:28:25,0,13208,1.0
138,41129,AF00098,AAA9101098,0,115.87336308305264,27.170608037515496,1,0,0,0,0,2018-09-09 23:28:26,0,13208,1.0
139,41130,AF00098,AAA9101098,0,115.87336326526476,27.170608119822038,1,0,0,0,0,2018-09-09 23:28:27,0,13208,1.0
140,41131,AF00098,AAA9101098,0,115.87336384723837,27.17060838270375,1,0,0,0,0,2018-09-09 23:28:28,0,13208,1.0
141,41132,AF00098,AAA9101098,0,115.87336570602416,27.17060922233076,1,0,0,0,0,2018-09-09 23:28:29,0,13208,1.0
142,41133,AF00098,AAA9101098,0,115.87337164286487,27.170611904044527,1,0,0,0,0,2018-09-09 23:28:30,0,13208,1.0
143,41134,AF00098,AAA9101098,78,115.87339060474721,27.17062046926298,1,0,0,0,0,2018-09-09 23:28:31,0,13208,1.0
144,41135,AF00098,AAA9101098,66,115.87340897097246,27.170628234645815,1,0,0,0,0,2018-09-09 23:28:32,0,13208,1.0
145,41136,AF00098,AAA9101098,60,115.87342880048064,27.17063635364647,1,0,0,0,0,2018-09-09 23:28:33,0,13208,1.0
146,41137,AF00098,AAA9101098,51,115.87345285039228,27.170645005602235,1,0,0,0,0,2018-09-09 23:28:34,0,13208,1.0
147,41138,AF00098,AAA9101098,57,115.87347215375604,27.170656680057032,1,0,0,0,0,2018-09-09 23:28:35,0,13208,1.0
148,41139,AF00098,AAA9101098,63,115.87348566072144,27.17066636532074,1,0,0,0,0,2018-09-09 23:28:36,0,13208,1.0
149,41140,AF00098,AAA9101098,63,115.87349262827144,27.170673587076934,1,0,0,0,0,2018-09-09 23:28:37,0,13208,1.0
150,41141,AF00098,AAA9101098,63,115.87349451453119,27.17067867951841,1,0,0,0,0,2018-09-09 23:28:38,0,13208,1.0
151,41142,AF00098,AAA9101098,63,115.87349566917575,27.17068178195702,1,0,0,0,0,2018-09-09 23:28:39,0,13208,1.0
152,41143,AF00098,AAA9101098,63,115.87349632525886,27.170683048770616,1,0,0,0,0,2018-09-09 23:28:40,0,13208,1.0
153,41144,AF00098,AAA9101098,63,115.87349747151626,27.170684389082894,1,0,0,0,0,2018-09-09 23:28:41,0,13208,1.0
154,41145,AF00098,AAA9101098,63,115.87349782133371,27.17068480872593,1,0,0,0,0,2018-09-09 23:28:42,0,13208,1.0
155,41146,AF00098,AAA9101098,63,115.87349790189603,27.17068494011357,1,0,0,0,0,2018-09-09 23:28:43,0,13208,1.0
156,41147,AF00098,AAA9101098,63,115.87349783461288,27.170684981250684,1,0,0,0,0,2018-09-09 23:28:44,0,13208,1.0
157,41148,AF00098,AAA9101098,63,115.87349751808667,27.170684994132053,1,0,0,0,0,2018-09-09 23:28:45,0,13208,1.0
158,41149,AF00098,AAA9101098,63,115.87349647530341,27.170684998170273,1,0,0,0,0,2018-09-09 23:28:46,0,13208,1.0
159,41150,AF00098,AAA9101098,63,115.87349614881583,27.17068499945103,1,0,0,0,0,2018-09-09 23:28:47,0,13208,1.0
160,41151,AF00098,AAA9101098,63,115.87349604659791,27.170684999904474,1,0,0,0,0,2018-09-09 23:28:48,0,13208,1.0
161,41152,AF00098,AAA9101098,63,115.87349601460431,27.170685000213965,1,0,0,0,0,2018-09-09 23:28:49,0,13208,2.0
162,41153,AF00098,AAA9101098,63,115.87349600461985,27.170685000845907,1,0,0,0,0,2018-09-09 23:28:51,0,13208,1.0
163,41154,AF00098,AAA9101098,63,115.87349600159764,27.170685002752656,1,0,0,0,0,2018-09-09 23:28:52,0,13208,1.0
164,41155,AF00098,AAA9101098,63,115.87349600098311,27.170685008807737,1,0,0,0,0,2018-09-09 23:28:53,0,13208,1.0
165,41156,AF00098,AAA9101098,63,115.87349600185014,27.170685028136326,1,0,0,0,0,2018-09-09 23:28:54,0,13208,1.0
166,41157,AF00098,AAA9101098,63,115.87349600550539,27.170685089867153,1,0,0,0,0,2018-09-09 23:28:55,0,13208,1.0
167,41158,AF00098,AAA9101098,63,115.87349601745741,27.17068528703031,1,0,0,0,0,2018-09-09 23:28:56,0,13208,1.0
168,41159,AF00098,AAA9101098,63,115.87349605571823,27.170685916756213,1,0,0,0,0,2018-09-09 23:28:57,0,13208,1.0
169,41160,AF00098,AAA9101098,63,115.87349617794796,27.1706879280595,1,0,0,0,0,2018-09-09 23:28:58,0,13208,1.0
170,41161,AF00098,AAA9101098,63,115.8734965683502,27.170694352030782,1,0,0,0,0,2018-09-09 23:28:59,0,13208,1.0
171,41162,AF00098,AAA9101098,63,115.87349781527207,27.17071486977538,1,0,0,0,0,2018-09-09 23:29:00,0,13208,1.0
172,41163,AF00098,AAA9101098,356,115.87350179785966,27.17078040211126,1,0,0,0,0,2018-09-09 23:29:01,0,13208,1.0
173,41164,AF00098,AAA9101098,4,115.8735009547316,27.17081639987785,1,0,0,0,0,2018-09-09 23:29:02,0,13208,1.0
174,41165,AF00098,AAA9101098,3,115.87350004338286,27.170845465131023,1,0,0,0,0,2018-09-09 23:29:03,11,13208,1.0
175,41166,AF00098,AAA9101098,351,115.87349467632858,27.170870710265444,1,0,0,0,0,2018-09-09 23:29:04,11,13208,1.0
176,41167,AF00098,AAA9101098,323,115.8734797793227,27.170895518761878,1,0,0,0,0,2018-09-09 23:29:05,12,13208,1.0
177,41168,AF00098,AAA9101098,339,115.87346454974987,27.17092110904705,1,0,0,0,0,2018-09-09 23:29:06,12,13208,1.0
178,41169,AF00098,AAA9101098,344,115.87344864163737,27.170948370697317,1,0,0,0,0,2018-09-09 23:29:07,13,13208,1.0
179,41170,AF00098,AAA9101098,338,115.87343068643395,27.170976190998896,1,0,0,0,0,2018-09-09 23:29:08,14,13208,1.0
180,41171,AF00098,AAA9101098,319,115.87340924462119,27.17099676400064,1,0,0,0,0,2018-09-09 23:29:09,11,13208,1.0
181,41172,AF00098,AAA9101098,319,115.87338780280841,27.17101733700239,1,0,0,0,0,2018-09-09 23:29:10,10,13208,1.0
182,41173,AF00098,AAA9101098,317,115.87336636099563,27.171037910004138,1,0,0,0,0,2018-09-09 23:29:11,11,13208,1.0
183,41174,AF00098,AAA9101098,318,115.87334244915725,27.17103875601412,1,0,0,0,0,2018-09-09 23:29:12,11,13208,1.0
184,41175,AF00098,AAA9101098,305,115.87331853731885,27.1710396020241,1,0,0,0,0,2018-09-09 23:29:13,10,13208,1.0
185,41176,AF00098,AAA9101098,277,115.87329462548047,27.17104044803408,1,0,0,0,0,2018-09-09 23:29:14,11,13208,1.0
186,41177,AF00098,AAA9101098,255,115.87327071364207,27.17104129404406,1,0,0,0,0,2018-09-09 23:29:15,0,13208,1.0
187,41178,AF00098,AAA9101098,240,115.87324680180369,27.17104214005404,1,0,0,0,0,2018-09-09 23:29:16,0,13208,1.0
188,41179,AF00098,AAA9101098,240,115.8732228899653,27.171042986064023,1,0,0,0,0,2018-09-09 23:29:17,0,13208,1.0
189,41180,AF00098,AAA9101098,234,115.87319897812692,27.171043832074005,1,0,0,0,0,2018-09-09 23:29:18,0,13208,1.0
190,41181,AF00098,AAA9101098,225,115.87317654035364,27.171030861761725,1,0,0,0,0,2018-09-09 23:29:19,11,13208,1.0
191,41182,AF00098,AAA9101098,242,115.8731519028521,27.171014669064277,1,0,0,0,0,2018-09-09 23:29:20,11,13208,1.0
192,41183,AF00098,AAA9101098,240,115.87312561191767,27.17099797763742,1,0,0,0,0,2018-09-09 23:29:21,11,13208,1.0
193,41184,AF00098,AAA9101098,241,115.87309572207563,27.170981252509577,1,0,0,0,0,2018-09-09 23:29:22,11,13208,1.0
194,41185,AF00098,AAA9101098,242,115.87306692042199,27.170964907920748,1,0,0,0,0,2018-09-09 23:29:23,12,13208,1.0
195,41186,AF00098,AAA9101098,238,115.87303950587032,27.170946917537773,1,0,0,0,0,2018-09-09 23:29:24,13,13208,1.0
196,41187,AF00098,AAA9101098,240,115.87301134665128,27.170930309910023,1,0,0,0,0,2018-09-09 23:29:25,13,13208,1.0
197,41188,AF00098,AAA9101098,238,115.87298370984547,27.17091718338161,1,0,0,0,0,2018-09-09 23:29:26,12,13208,1.0
198,41189,AF00098,AAA9101098,241,115.87296015685334,27.170907347270614,1,0,0,0,0,2018-09-09 23:29:27,11,13208,1.0
199,41190,AF00098,AAA9101098,226,115.87294437538486,27.170904062618533,1,0,0,0,0,2018-09-09 23:29:28,0,13208,1.0
200,41191,AF00098,AAA9101098,226,115.87293518774506,27.170905393418597,1,0,0,0,0,2018-09-09 23:29:29,0,13208,1.0
201,41192,AF00098,AAA9101098,226,115.87293231115545,27.17090581008335,1,0,0,0,0,2018-09-09 23:29:30,0,13208,1.0
202,41193,AF00098,AAA9101098,226,115.87293141051416,27.170905940538347,1,0,0,0,0,2018-09-09 23:29:31,0,13208,1.0
203,41194,AF00098,AAA9101098,226,115.87293112852929,27.170905981382948,1,0,0,0,0,2018-09-09 23:29:32,0,13208,1.0
204,41195,AF00098,AAA9101098,226,115.87293104024168,27.17090599417112,1,0,0,0,0,2018-09-09 23:29:33,0,13208,2.0
205,41196,AF00098,AAA9101098,226,115.87293101259941,27.170905998175016,1,0,0,0,0,2018-09-09 23:29:35,0,13208,1.0
206,41197,AF00098,AAA9101098,226,115.87293100394479,27.170905999428605,1,0,0,0,0,2018-09-09 23:29:36,0,13208,1.0
207,41198,AF00098,AAA9101098,226,115.87293100123507,27.17090599982108,1,0,0,0,0,2018-09-09 23:29:37,0,13208,1.0
208,41199,AF00098,AAA9101098,226,115.87293100038661,27.170905999943926,1,0,0,0,0,2018-09-09 23:29:38,0,13208,1.0
209,41200,AF00098,AAA9101098,226,115.87293100012079,27.170905999982267,1,0,0,0,0,2018-09-09 23:29:39,0,13208,1.0
210,41201,AF00098,AAA9101098,226,115.872931000037,27.170905999993884,1,0,0,0,0,2018-09-09 23:29:40,0,13208,1.0
211,41202,AF00098,AAA9101098,226,115.87293100000893,27.17090599999629,1,0,0,0,0,2018-09-09 23:29:41,0,13208,1.0
212,41203,AF00098,AAA9101098,226,115.87293099999431,27.1709059999931,1,0,0,0,0,2018-09-09 23:29:42,0,13208,1.0
213,41204,AF00098,AAA9101098,226,115.87293099997113,27.170905999979514,1,0,0,0,0,2018-09-09 23:29:43,0,13208,1.0
214,41205,AF00098,AAA9101098,226,115.87293099990444,27.17090599993505,1,0,0,0,0,2018-09-09 23:29:44,0,13208,1.0
215,41206,AF00098,AAA9101098,226,115.87293099969372,27.170905999792705,1,0,0,0,0,2018-09-09 23:29:45,0,13208,1.0
216,41207,AF00098,AAA9101098,226,115.87293099902142,27.170905999337965,1,0,0,0,0,2018-09-09 23:29:46,0,13208,1.0
217,41208,AF00098,AAA9101098,226,115.87293099687436,27.170905997885527,1,0,0,0,0,2018-09-09 23:29:47,0,13208,1.0
218,41209,AF00098,AAA9101098,226,115.87293099001685,27.170905993246524,1,0,0,0,0,2018-09-09 23:29:48,0,13208,1.0
219,41210,AF00098,AAA9101098,226,115.87293096811446,27.17090597842984,1,0,0,0,0,2018-09-09 23:29:49,0,13208,1.0
220,41211,AF00098,AAA9101098,226,115.87293089815962,27.170905931106326,1,0,0,0,0,2018-09-09 23:29:50,0,13208,1.0
221,41212,AF00098,AAA9101098,226,115.87293067472847,27.170905779958105,1,0,0,0,0,2018-09-09 23:29:51,0,13208,1.0
222,41213,AF00098,AAA9101098,226,115.87292996110388,27.17090529720057,1,0,0,0,0,2018-09-09 23:29:52,0,13208,1.0
223,41214,AF00098,AAA9101098,226,115.87292768183347,27.170903755304558,1,0,0,0,0,2018-09-09 23:29:53,0,13208,1.0
224,41215,AF00098,AAA9101098,226,115.87292040199235,27.170898830589476,1,0,0,0,0,2018-09-09 23:29:54,0,13208,1.0
225,41216,AF00098,AAA9101098,242,115.87289715065424,27.170883101371384,1,0,0,0,0,2018-09-09 23:29:55,0,13208,1.0
226,41217,AF00098,AAA9101098,233,115.87287261932805,27.170867524922834,1,0,0,0,0,2018-09-09 23:29:56,0,13208,1.0
227,41218,AF00098,AAA9101098,226,115.87284751431848,27.17085123251965,1,0,0,0,0,2018-09-09 23:29:57,0,13208,1.0
228,41219,AF00098,AAA9101098,234,115.8728186633166,27.170835290530153,1,0,0,0,0,2018-09-09 23:29:58,11,13208,1.0
229,41220,AF00098,AAA9101098,232,115.87278779789503,27.17081827934969,1,0,0,0,0,2018-09-09 23:29:59,12,13208,1.0
230,41221,AF00098,AAA9101098,233,115.87275662789563,27.170798675100816,1,0,0,0,0,2018-09-09 23:30:00,13,13208,1.0
231,41222,AF00098,AAA9101098,234,115.87272339009614,27.170777074191655,1,0,0,0,0,2018-09-09 23:30:01,14,13208,1.0
232,41223,AF00098,AAA9101098,229,115.87268772612605,27.170754078063318,1,0,0,0,0,2018-09-09 23:30:02,15,13208,1.0
233,41224,AF00098,AAA9101098,239,115.87264863536362,27.170732706606756,1,0,0,0,0,2018-09-09 23:30:03,16,13208,1.0
234,41225,AF00098,AAA9101098,235,115.87260748805562,27.170710892998347,1,0,0,0,0,2018-09-09 23:30:04,17,13208,1.0
235,41226,AF00098,AAA9101098,236,115.87256255517643,27.17068891813549,1,0,0,0,0,2018-09-09 23:30:05,19,13208,1.0
236,41227,AF00098,AAA9101098,236,115.87251695193561,27.170665312872405,1,0,0,0,0,2018-09-09 23:30:06,20,13208,1.0
237,41228,AF00098,AAA9101098,236,115.87246976923215,27.170640672088744,1,0,0,0,0,2018-09-09 23:30:07,20,13208,1.0
238,41229,AF00098,AAA9101098,238,115.87242258652869,27.170616031305084,1,0,0,0,0,2018-09-09 23:30:08,20,13208,1.0
239,41230,AF00098,AAA9101098,238,115.87237779476878,27.170591437699024,1,0,0,0,0,2018-09-09 23:30:09,19,13208,1.0
240,41231,AF00098,AAA9101098,245,115.87233570777617,27.170567503717667,1,0,0,0,0,2018-09-09 23:30:10,19,13208,1.0
241,41232,AF00098,AAA9101098,240,115.87229362078355,27.170543569736306,1,0,0,0,0,2018-09-09 23:30:11,19,13208,1.0
242,41233,AF00098,AAA9101098,241,115.87225153379094,27.17051963575495,1,0,0,0,0,2018-09-09 23:30:12,19,13208,1.0
243,41234,AF00098,AAA9101098,235,115.87220944679832,27.17049570177359,1,0,0,0,0,2018-09-09 23:30:13,18,13208,1.0
244,41235,AF00098,AAA9101098,242,115.87216735980572,27.170471767792232,1,0,0,0,0,2018-09-09 23:30:14,18,13208,1.0
245,41236,AF00098,AAA9101098,235,115.8721252728131,27.170447833810872,1,0,0,0,0,2018-09-09 23:30:15,18,13208,1.0
246,41237,AF00098,AAA9101098,237,115.87208318582049,27.170423899829515,1,0,0,0,0,2018-09-09 23:30:16,18,13208,1.0
247,41238,AF00098,AAA9101098,236,115.87204109882786,27.17039996584816,1,0,0,0,0,2018-09-09 23:30:17,18,13208,1.0
248,41239,AF00098,AAA9101098,236,115.87199901183526,27.1703760318668,1,0,0,0,0,2018-09-09 23:30:18,18,13208,1.0
249,41240,AF00098,AAA9101098,240,115.87195692484264,27.170352097885445,1,0,0,0,0,2018-09-09 23:30:19,18,13208,1.0
250,41241,AF00098,AAA9101098,233,115.87191483785003,27.170328163904088,1,0,0,0,0,2018-09-09 23:30:20,18,13208,1.0
251,41242,AF00098,AAA9101098,234,115.8718727508574,27.17030422992273,1,0,0,0,0,2018-09-09 23:30:21,17,13208,1.0
252,41243,AF00098,AAA9101098,233,115.8718306638648,27.170280295941375,1,0,0,0,0,2018-09-09 23:30:22,17,13208,1.0
253,41244,AF00098,AAA9101098,237,115.87178857687218,27.170256361960018,1,0,0,0,0,2018-09-09 23:30:23,17,13208,1.0
254,41245,AF00098,AAA9101098,235,115.87174648987956,27.17023242797866,1,0,0,0,0,2018-09-09 23:30:24,16,13208,1.0
255,41246,AF00098,AAA9101098,228,115.87170440288693,27.170208493997304,1,0,0,0,0,2018-09-09 23:30:25,15,13208,1.0
256,41247,AF00098,AAA9101098,235,115.87167196522589,27.17018982556798,1,0,0,0,0,2018-09-09 23:30:26,14,13208,1.0
257,41248,AF00098,AAA9101098,240,115.87165303841364,27.170176922376974,1,0,0,0,0,2018-09-09 23:30:27,0,13208,1.0
258,41249,AF00098,AAA9101098,240,115.87165376085932,27.170165409233725,1,0,0,0,0,2018-09-09 23:30:28,0,13208,1.0
259,41250,AF00098,AAA9101098,240,115.87165448330501,27.170153896090472,1,0,0,0,0,2018-09-09 23:30:29,0,13208,1.0
260,41251,AF00098,AAA9101098,240,115.87165520575068,27.170142382947223,1,0,0,0,0,2018-09-09 23:30:30,0,13208,1.0
261,41252,AF00098,AAA9101098,240,115.87165592819638,27.17013086980397,0,0,0,0,0,2018-09-09 23:30:31,0,13208,1.0
262,41253,AF00098,AAA9101098,240,115.87165665064205,27.17011935666072,0,0,0,0,0,2018-09-09 23:30:32,0,13208,1.0
263,41254,AF00098,AAA9101098,220,115.87165737308774,27.170107843517467,1,0,0,0,0,2018-09-09 23:30:33,0,13208,1.0
264,41255,AF00098,AAA9101098,194,115.87165809553342,27.170096330374218,1,0,0,0,0,2018-09-09 23:30:34,0,13208,1.0
265,41256,AF00098,AAA9101098,175,115.87165881797911,27.170084817230965,1,0,0,0,0,2018-09-09 23:30:35,0,13208,1.0
266,41257,AF00098,AAA9101098,156,115.8716595404248,27.170073304087715,1,0,0,0,0,2018-09-09 23:30:36,0,13208,1.0
267,41258,AF00098,AAA9101098,154,115.87166026287049,27.170061790944462,1,0,0,0,0,2018-09-09 23:30:37,0,13208,1.0
268,41259,AF00098,AAA9101098,140,115.87166098531618,27.170050277801213,1,0,0,0,0,2018-09-09 23:30:38,0,13208,1.0
269,41260,AF00098,AAA9101098,136,115.87167675591563,27.17003767628387,1,0,0,0,0,2018-09-09 23:30:39,0,13208,1.0
270,41261,AF00098,AAA9101098,140,115.87169517272957,27.17002458691717,1,0,0,0,0,2018-09-09 23:30:40,0,13208,1.0
271,41262,AF00098,AAA9101098,139,115.87171384985193,27.17000936799492,1,0,0,0,0,2018-09-09 23:30:41,0,13208,1.0
272,41263,AF00098,AAA9101098,137,115.87173682178178,27.169988675538836,1,0,0,0,0,2018-09-09 23:30:42,0,13208,1.0
273,41264,AF00098,AAA9101098,143,115.87176555324493,27.16995694491376,1,0,0,0,0,2018-09-09 23:30:43,0,13208,1.0
274,41265,AF00098,AAA9101098,140,115.87179428470809,27.16992521428869,1,0,0,0,0,2018-09-09 23:30:44,12,13208,1.0
275,41266,AF00098,AAA9101098,142,115.87182301617123,27.169893483663614,1,0,0,0,0,2018-09-09 23:30:45,13,13208,1.0
276,41267,AF00098,AAA9101098,141,115.8718517476344,27.169861753038543,1,0,0,0,0,2018-09-09 23:30:46,14,13208,1.0
277,41268,AF00098,AAA9101098,140,115.87188047909754,27.169830022413468,1,0,0,0,0,2018-09-09 23:30:47,15,13208,1.0
278,41269,AF00098,AAA9101098,139,115.8719092105607,27.169798291788396,1,0,0,0,0,2018-09-09 23:30:48,16,13208,1.0
279,41270,AF00098,AAA9101098,142,115.87193794202385,27.169766561163325,1,0,0,0,0,2018-09-09 23:30:49,16,13208,1.0
280,41271,AF00098,AAA9101098,144,115.87196667348701,27.169734830538253,1,0,0,0,0,2018-09-09 23:30:50,17,13208,1.0
281,41272,AF00098,AAA9101098,140,115.87199540495016,27.169703099913182,1,0,0,0,0,2018-09-09 23:30:51,17,13208,1.0
282,41273,AF00098,AAA9101098,145,115.87202413641332,27.16967136928811,1,0,0,0,0,2018-09-09 23:30:52,17,13208,1.0
283,41274,AF00098,AAA9101098,139,115.87205286787646,27.16963963866304,1,0,0,0,0,2018-09-09 23:30:53,18,13208,1.0
284,41275,AF00098,AAA9101098,138,115.87208159933962,27.169607908037968,1,0,0,0,0,2018-09-09 23:30:54,18,13208,1.0
285,41276,AF00098,AAA9101098,136,115.87211033080277,27.169576177412896,1,0,0,0,0,2018-09-09 23:30:55,19,13208,1.0
286,41277,AF00098,AAA9101098,135,115.87213906226593,27.169544446787825,1,0,0,0,0,2018-09-09 23:30:56,18,13208,1.0
287,41278,AF00098,AAA9101098,138,115.87216779372908,27.169512716162753,1,0,0,0,0,2018-09-09 23:30:57,19,13208,1.0
288,41279,AF00098,AAA9101098,141,115.87219652519224,27.16948098553768,1,0,0,0,0,2018-09-09 23:30:58,19,13208,1.0
289,41280,AF00098,AAA9101098,140,115.87222525665538,27.16944925491261,1,0,0,0,0,2018-09-09 23:30:59,18,13208,1.0
290,41281,AF00098,AAA9101098,141,115.87225398811854,27.16941752428754,1,0,0,0,0,2018-09-09 23:31:00,17,13208,1.0
291,41282,AF00098,AAA9101098,143,115.87228271958169,27.169385793662467,1,0,0,0,0,2018-09-09 23:31:01,17,13208,1.0
292,41283,AF00098,AAA9101098,144,115.87231145104485,27.169354063037396,1,0,0,0,0,2018-09-09 23:31:02,16,13208,1.0
293,41284,AF00098,AAA9101098,143,115.872340182508,27.169322332412325,1,0,0,0,0,2018-09-09 23:31:03,16,13208,1.0
294,41285,AF00098,AAA9101098,143,115.87236891397116,27.169290601787253,1,0,0,0,0,2018-09-09 23:31:04,17,13208,1.0
295,41286,AF00098,AAA9101098,143,115.8723976454343,27.16925887116218,1,0,0,0,0,2018-09-09 23:31:05,18,13208,2.0
296,41287,AF00098,AAA9101098,141,115.87242637689747,27.16922714053711,1,0,0,0,0,2018-09-09 23:31:07,17,13208,1.0
297,41288,AF00098,AAA9101098,143,115.87245510836061,27.16919540991204,1,0,0,0,0,2018-09-09 23:31:08,16,13208,1.0
298,41289,AF00098,AAA9101098,141,115.87248383982377,27.169163679286967,1,0,0,0,0,2018-09-09 23:31:09,16,13208,1.0
299,41290,AF00098,AAA9101098,139,115.87251257128692,27.169131948661896,1,0,0,0,0,2018-09-09 23:31:10,15,13208,1.0
300,41291,AF00098,AAA9101098,142,115.87254130275008,27.169100218036824,1,0,0,0,0,2018-09-09 23:31:11,15,13208,1.0
301,41292,AF00098,AAA9101098,142,115.87257003421323,27.169068487411753,1,0,0,0,0,2018-09-09 23:31:12,15,13208,1.0
302,41293,AF00098,AAA9101098,141,115.87259876567639,27.16903675678668,1,0,0,0,0,2018-09-09 23:31:13,15,13208,1.0
303,41294,AF00098,AAA9101098,147,115.87262749713953,27.16900502616161,1,0,0,0,0,2018-09-09 23:31:14,15,13208,1.0
304,41295,AF00098,AAA9101098,142,115.8726562286027,27.16897329553654,1,0,0,0,0,2018-09-09 23:31:15,14,13208,1.0
305,41296,AF00098,AAA9101098,137,115.87268496006585,27.168941564911467,1,0,0,0,0,2018-09-09 23:31:16,13,13208,1.0
306,41297,AF00098,AAA9101098,145,115.87271369152901,27.168909834286396,1,0,0,0,0,2018-09-09 23:31:17,14,13208,1.0
307,41298,AF00098,AAA9101098,149,115.87274242299218,27.168878103661324,1,0,0,0,0,2018-09-09 23:31:18,14,13208,1.0
308,41299,AF00098,AAA9101098,130,115.87277115445534,27.168846373036253,1,0,0,0,0,2018-09-09 23:31:19,14,13208,1.0
309,41300,AF00098,AAA9101098,137,115.8727998859185,27.16881464241118,1,0,0,0,0,2018-09-09 23:31:20,14,13208,1.0
310,41301,AF00098,AAA9101098,139,115.8728239243727,27.168788401002242,1,0,0,0,0,2018-09-09 23:31:21,13,13208,1.0
311,41302,AF00098,AAA9101098,138,115.87284796282691,27.1687621595933,1,0,0,0,0,2018-09-09 23:31:22,13,13208,1.0
312,41303,AF00098,AAA9101098,149,115.87287194526024,27.168734651667826,1,0,0,0,0,2018-09-09 23:31:23,13,13208,2.0
313,41304,AF00098,AAA9101098,148,115.87290488736889,27.16870511176773,1,0,0,0,0,2018-09-09 23:31:25,14,13208,1.0
314,41305,AF00098,AAA9101098,135,115.87293782947752,27.16867557186763,1,0,0,0,0,2018-09-09 23:31:26,13,13208,1.0
315,41306,AF00098,AAA9101098,123,115.87297077158617,27.168646031967533,1,0,0,0,0,2018-09-09 23:31:27,11,13208,1.0
316,41307,AF00098,AAA9101098,123,115.87300487649684,27.168625582412083,1,0,0,0,0,2018-09-09 23:31:28,12,13208,1.0
317,41308,AF00098,AAA9101098,111,115.87304180934119,27.168612038680436,1,0,0,0,0,2018-09-09 23:31:29,13,13208,1.0
318,41309,AF00098,AAA9101098,102,115.87307996188558,27.168601567297507,1,0,0,0,0,2018-09-09 23:31:30,12,13208,1.0
319,41310,AF00098,AAA9101098,102,115.87312860618826,27.16859647193207,1,0,0,0,0,2018-09-09 23:31:31,13,13208,1.0
320,41311,AF00098,AAA9101098,102,115.87317062889251,27.168586059669163,1,0,0,0,0,2018-09-09 23:31:32,13,13208,1.0
321,41312,AF00098,AAA9101098,101,115.87321359935552,27.168575737329352,1,0,0,0,0,2018-09-09 23:31:33,13,13208,1.0
322,41313,AF00098,AAA9101098,92,115.87325445900771,27.168566526165637,1,0,0,0,0,2018-09-09 23:31:34,14,13208,1.0
323,41314,AF00098,AAA9101098,96,115.87329450336922,27.168558107948343,1,0,0,0,0,2018-09-09 23:31:35,14,13208,1.0
324,41315,AF00098,AAA9101098,94,115.87333379929407,27.168552866468485,1,0,0,0,0,2018-09-09 23:31:36,15,13208,1.0
325,41316,AF00098,AAA9101098,86,115.87337128572106,27.168550437809134,1,0,0,0,0,2018-09-09 23:31:37,13,13208,1.0
326,41317,AF00098,AAA9101098,95,115.87341070976602,27.168548668940435,1,0,0,0,0,2018-09-09 23:31:38,14,13208,1.0
327,41318,AF00098,AAA9101098,91,115.87345120344838,27.16855092223998,1,0,0,0,0,2018-09-09 23:31:39,12,13208,1.0
328,41319,AF00098,AAA9101098,90,115.87349200373318,27.1685545653811,1,0,0,0,0,2018-09-09 23:31:40,12,13208,1.0
329,41320,AF00098,AAA9101098,91,115.87353431667229,27.168557553539305,1,0,0,0,0,2018-09-09 23:31:41,14,13208,1.0
330,41321,AF00098,AAA9101098,90,115.87357861387375,27.168559868868655,1,0,0,0,0,2018-09-09 23:31:42,15,13208,1.0
331,41322,AF00098,AAA9101098,95,115.87362383620027,27.16856047955126,1,0,0,0,0,2018-09-09 23:31:43,15,13208,1.0
332,41323,AF00098,AAA9101098,91,115.87366730464768,27.16856030590301,1,0,0,0,0,2018-09-09 23:31:44,15,13208,1.0
333,41324,AF00098,AAA9101098,93,115.87371273923607,27.168559086231053,1,0,0,0,0,2018-09-09 23:31:45,16,13208,1.0
334,41325,AF00098,AAA9101098,93,115.87375778084589,27.16855648948361,1,0,0,0,0,2018-09-09 23:31:46,16,13208,1.0
335,41326,AF00098,AAA9101098,92,115.87380249218427,27.168554630401733,1,0,0,0,0,2018-09-09 23:31:47,16,13208,1.0
336,41327,AF00098,AAA9101098,90,115.87384945228645,27.168555228381056,1,0,0,0,0,2018-09-09 23:31:48,16,13208,1.0
337,41328,AF00098,AAA9101098,96,115.87389407994056,27.168556170537087,1,0,0,0,0,2018-09-09 23:31:49,17,13208,1.0
338,41329,AF00098,AAA9101098,89,115.87394033509567,27.16855435564105,1,0,0,0,0,2018-09-09 23:31:50,17,13208,1.0
339,41330,AF00098,AAA9101098,91,115.87398558822119,27.16855156967797,1,0,0,0,0,2018-09-09 23:31:51,16,13208,1.0
340,41331,AF00098,AAA9101098,95,115.8740302207844,27.168546628179367,1,0,0,0,0,2018-09-09 23:31:52,16,13208,1.0
341,41332,AF00098,AAA9101098,92,115.87407367904768,27.168542633364734,1,0,0,0,0,2018-09-09 23:31:53,15,13208,1.0
342,41333,AF00098,AAA9101098,95,115.87411514659848,27.168538086020465,1,0,0,0,0,2018-09-09 23:31:54,13,13208,1.0
343,41334,AF00098,AAA9101098,93,115.87415683507737,27.16853366831145,1,0,0,0,0,2018-09-09 23:31:55,13,13208,1.0
344,41335,AF00098,AAA9101098,93,115.87419978204144,27.168530257766566,1,0,0,0,0,2018-09-09 23:31:56,14,13208,1.0
345,41336,AF00098,AAA9101098,91,115.87424842864885,27.16852723568307,1,0,0,0,0,2018-09-09 23:31:57,16,13208,1.0
346,41337,AF00098,AAA9101098,92,115.87429707525627,27.16852421359957,1,0,0,0,0,2018-09-09 23:31:58,19,13208,1.0
347,41338,AF00098,AAA9101098,90,115.87435487744666,27.16852000638839,1,0,0,0,0,2018-09-09 23:31:59,21,13208,1.0
348,41339,AF00098,AAA9101098,93,115.87441267963705,27.168515799177207,1,0,0,0,0,2018-09-09 23:32:00,21,13208,1.0
349,41340,AF00098,AAA9101098,91,115.87447048182744,27.168511591966023,1,0,0,0,0,2018-09-09 23:32:01,21,13208,1.0
350,41341,AF00098,AAA9101098,94,115.87452828401783,27.16850738475484,1,0,0,0,0,2018-09-09 23:32:02,21,13208,1.0
351,41342,AF00098,AAA9101098,94,115.87458608620823,27.168503177543656,1,0,0,0,0,2018-09-09 23:32:03,21,13208,1.0
352,41343,AF00098,AAA9101098,94,115.87464388839862,27.16849897033247,1,0,0,0,0,2018-09-09 23:32:04,21,13208,1.0
353,41344,AF00098,AAA9101098,97,115.87470169058902,27.168494763121288,1,0,0,0,0,2018-09-09 23:32:05,20,13208,1.0
354,41345,AF00098,AAA9101098,95,115.87475949277942,27.168490555910104,1,0,0,0,0,2018-09-09 23:32:06,19,13208,1.0
355,41346,AF00098,AAA9101098,98,115.87480899543272,27.16848567944309,1,0,0,0,0,2018-09-09 23:32:07,18,13208,1.0
356,41347,AF00098,AAA9101098,92,115.87484944903339,27.168480319887934,1,0,0,0,0,2018-09-09 23:32:08,14,13208,1.0
357,41348,AF00098,AAA9101098,101,115.87488455122698,27.168473935384853,1,0,0,0,0,2018-09-09 23:32:09,14,13208,1.0
358,41349,AF00098,AAA9101098,87,115.87490993493732,27.168471974589412,1,0,0,0,0,2018-09-09 23:32:10,0,13208,1.0
359,41350,AF00098,AAA9101098,80,115.87492768545498,27.16847298955582,1,0,0,0,0,2018-09-09 23:32:11,0,13208,1.0
360,41351,AF00098,AAA9101098,98,115.87494496194435,27.16847700283878,1,0,0,0,0,2018-09-09 23:32:12,0,13208,1.0
361,41352,AF00098,AAA9101098,90,115.874957659998,27.16847951337181,1,0,0,0,0,2018-09-09 23:32:13,0,13208,1.0
362,41353,AF00098,AAA9101098,90,115.87496231051774,27.168476769458234,1,0,0,0,0,2018-09-09 23:32:14,0,13208,1.0
363,41354,AF00098,AAA9101098,90,115.8749629079117,27.168476692168028,1,0,0,0,0,2018-09-09 23:32:15,0,13208,1.0
364,41355,AF00098,AAA9101098,90,115.87496638058245,27.16847916502257,1,0,0,0,0,2018-09-09 23:32:16,0,13208,1.0
365,41356,AF00098,AAA9101098,90,115.87497042680174,27.168480379542643,1,0,0,0,0,2018-09-09 23:32:17,0,13208,1.0
366,41357,AF00098,AAA9101098,88,115.87498114433646,27.168480659015934,1,0,0,0,0,2018-09-09 23:32:18,0,13208,1.0
367,41358,AF00098,AAA9101098,94,115.87499961453163,27.168480424616547,1,0,0,0,0,2018-09-09 23:32:19,0,13208,1.0
368,41359,AF00098,AAA9101098,94,115.87502353192818,27.16847932309804,1,0,0,0,0,2018-09-09 23:32:20,0,13208,1.0
369,41360,AF00098,AAA9101098,97,115.87504825095552,27.168477201469237,1,0,0,0,0,2018-09-09 23:32:21,0,13208,1.0
370,41361,AF00098,AAA9101098,91,115.87507334817985,27.16847839751646,1,0,0,0,0,2018-09-09 23:32:22,0,13208,1.0
371,41362,AF00098,AAA9101098,97,115.8750944490363,27.168475671547874,1,0,0,0,0,2018-09-09 23:32:23,0,13208,1.0
372,41363,AF00098,AAA9101098,93,115.87511471957485,27.168472450592702,1,0,0,0,0,2018-09-09 23:32:24,0,13208,1.0
373,41364,AF00098,AAA9101098,94,115.87513456750479,27.168471415721523,1,0,0,0,0,2018-09-09 23:32:25,0,13208,1.0
374,41365,AF00098,AAA9101098,89,115.87515376365218,27.16847100735437,1,0,0,0,0,2018-09-09 23:32:26,0,13208,1.0
375,41366,AF00098,AAA9101098,100,115.87517411064495,27.168472117098542,1,0,0,0,0,2018-09-09 23:32:27,0,13209,1.0
376,41367,AF00098,AAA9101098,91,115.87519311735448,27.168474910341644,1,0,0,0,0,2018-09-09 23:32:28,0,13209,1.0
377,41368,AF00098,AAA9101098,79,115.87520777983573,27.16847756846714,1,0,0,0,0,2018-09-09 23:32:29,0,13209,1.0
378,41369,AF00098,AAA9101098,87,115.87521909646668,27.168479576260523,1,0,0,0,0,2018-09-09 23:32:30,0,13209,1.0
379,41370,AF00098,AAA9101098,87,115.87522754441909,27.168480945466648,1,0,0,0,0,2018-09-09 23:32:31,0,13209,1.0
380,41371,AF00098,AAA9101098,87,115.87523229174165,27.16848223248953,1,0,0,0,0,2018-09-09 23:32:32,0,13209,1.0
381,41372,AF00098,AAA9101098,87,115.8752359716989,27.16848236285257,1,0,0,0,0,2018-09-09 23:32:33,0,13209,1.0
382,41373,AF00098,AAA9101098,87,115.87523960900558,27.168481533016514,1,0,0,0,0,2018-09-09 23:32:34,0,13209,1.0
383,41374,AF00098,AAA9101098,87,115.87524567112914,27.168481506451297,1,0,0,0,0,2018-09-09 23:32:35,0,13209,1.0
384,41375,AF00098,AAA9101098,87,115.87525575871989,27.16847922906613,1,0,0,0,0,2018-09-09 23:32:36,0,13209,1.0
385,41376,AF00098,AAA9101098,96,115.87527000377953,27.16847578986189,1,0,0,0,0,2018-09-09 23:32:37,0,13209,1.0
386,41377,AF00098,AAA9101098,95,115.8752872685916,27.168472033973565,1,0,0,0,0,2018-09-09 23:32:38,0,13209,1.0
387,41378,AF00098,AAA9101098,80,115.87530644520707,27.168469836312436,1,0,0,0,0,2018-09-09 23:32:39,0,13209,1.0
388,41379,AF00098,AAA9101098,85,115.87532779979041,27.16847040602575,1,0,0,0,0,2018-09-09 23:32:40,0,13209,1.0
389,41380,AF00098,AAA9101098,97,115.87534885265227,27.168470080603168,1,0,0,0,0,2018-09-09 23:32:41,0,13209,1.0
390,41381,AF00098,AAA9101098,96,115.87537119048517,27.16846987665179,1,0,0,0,0,2018-09-09 23:32:42,0,13209,1.0
391,41382,AF00098,AAA9101098,95,115.87539381538463,27.168469486811187,1,0,0,0,0,2018-09-09 23:32:43,0,13209,1.0
392,41383,AF00098,AAA9101098,96,115.87541766909177,27.168468323580576,1,0,0,0,0,2018-09-09 23:32:44,0,13209,1.0
393,41384,AF00098,AAA9101098,107,115.87544403816743,27.16846764799496,1,0,0,0,0,2018-09-09 23:32:45,0,13209,1.0
394,41385,AF00098,AAA9101098,98,115.87547197179074,27.168466441927823,1,0,0,0,0,2018-09-09 23:32:46,0,13209,1.0
395,41386,AF00098,AAA9101098,94,115.87549835587365,27.16846590185837,1,0,0,0,0,2018-09-09 23:32:47,0,13209,1.0
396,41387,AF00098,AAA9101098,92,115.87552226221165,27.168465213886755,1,0,0,0,0,2018-09-09 23:32:48,0,13209,1.0
397,41388,AF00098,AAA9101098,96,115.87554505668179,27.168463341220395,1,0,0,0,0,2018-09-09 23:32:49,0,13209,1.0
398,41389,AF00098,AAA9101098,94,115.87556793657302,27.168461982782766,1,0,0,0,0,2018-09-09 23:32:50,0,13209,1.0
399,41390,AF00098,AAA9101098,98,115.87559072087805,27.168459091370163,1,0,0,0,0,2018-09-09 23:32:51,0,13209,1.0
400,41391,AF00098,AAA9101098,109,115.87561308453847,27.16845332359874,1,0,0,0,0,2018-09-09 23:32:52,0,13209,1.0
401,41392,AF00098,AAA9101098,104,115.87563557560074,27.16845105755595,1,0,0,0,0,2018-09-09 23:32:53,0,13209,1.0
402,41393,AF00098,AAA9101098,95,115.87565742708128,27.168450385279712,1,0,0,0,0,2018-09-09 23:32:54,0,13209,1.0
403,41394,AF00098,AAA9101098,103,115.87567841515711,27.168448786602735,1,0,0,0,0,2018-09-09 23:32:55,0,13209,1.0
404,41395,AF00098,AAA9101098,105,115.87569701482991,27.16844535930199,1,0,0,0,0,2018-09-09 23:32:56,0,13209,1.0
405,41396,AF00098,AAA9101098,111,115.8757141298235,27.16844247347947,1,0,0,0,0,2018-09-09 23:32:57,0,13209,1.0
406,41397,AF00098,AAA9101098,94,115.8757284264082,27.168443315260085,1,0,0,0,0,2018-09-09 23:32:58,0,13209,1.0
407,41398,AF00098,AAA9101098,84,115.87574336560208,27.168444632146503,1,0,0,0,0,2018-09-09 23:32:59,0,13209,1.0
408,41399,AF00098,AAA9101098,84,115.8757543346838,27.16844539466741,1,0,0,0,0,2018-09-09 23:33:00,0,13209,1.0
409,41400,AF00098,AAA9101098,84,115.87575978003044,27.168446751963273,1,0,0,0,0,2018-09-09 23:33:01,0,13209,1.0
410,41401,AF00098,AAA9101098,84,115.87576338684846,27.168446228432728,1,0,0,0,0,2018-09-09 23:33:02,0,13209,1.0
411,41402,AF00098,AAA9101098,84,115.87576456260152,27.168446049156742,1,0,0,0,0,2018-09-09 23:33:03,0,13209,1.0
412,41403,AF00098,AAA9101098,84,115.87576507918273,27.16844594396134,1,0,0,0,0,2018-09-09 23:33:04,0,13209,1.0
413,41404,AF00098,AAA9101098,84,115.87576571509456,27.16844575431409,1,0,0,0,0,2018-09-09 23:33:05,0,13209,1.0
414,41405,AF00098,AAA9101098,84,115.87576742867412,27.168445194411234,1,0,0,0,0,2018-09-09 23:33:06,0,13209,1.0
415,41406,AF00098,AAA9101098,84,115.87577280233425,27.16844492749152,1,0,0,0,0,2018-09-09 23:33:07,0,13209,1.0
416,41407,AF00098,AAA9101098,84,115.87577787810655,27.168444551299494,1,0,0,0,0,2018-09-09 23:33:08,0,13209,1.0
417,41408,AF00098,AAA9101098,84,115.875782770182,27.16844349890319,1,0,0,0,0,2018-09-09 23:33:09,0,13209,1.0
418,41409,AF00098,AAA9101098,84,115.87578430185864,27.168443198368063,1,0,0,0,0,2018-09-09 23:33:10,0,13209,1.0
419,41410,AF00098,AAA9101098,84,115.87578478141654,27.168443196779208,1,0,0,0,0,2018-09-09 23:33:11,0,13209,1.0
420,41411,AF00098,AAA9101098,84,115.87578493156298,27.168443491742156,1,0,0,0,0,2018-09-09 23:33:12,0,13209,1.0
421,41412,AF00098,AAA9101098,84,115.87578497857282,27.168444527774362,1,0,0,0,0,2018-09-09 23:33:13,0,13209,2.0
422,41413,AF00098,AAA9101098,84,115.87578499329129,27.168444852149253,1,0,0,0,0,2018-09-09 23:33:15,0,13209,1.0
423,41414,AF00098,AAA9101098,84,115.87578499789954,27.168444953708903,1,0,0,0,0,2018-09-09 23:33:16,0,13209,1.0
424,41415,AF00098,AAA9101098,84,115.87578499934237,27.16844498550656,1,0,0,0,0,2018-09-09 23:33:17,0,13209,1.0
425,41416,AF00098,AAA9101098,84,115.8757849997941,27.1684449954622,1,0,0,0,0,2018-09-09 23:33:18,0,13209,1.0
426,41417,AF00098,AAA9101098,84,115.87578499993555,27.168444998579247,1,0,0,0,0,2018-09-09 23:33:19,0,13209,1.0
427,41418,AF00098,AAA9101098,84,115.87578499997983,27.168444999555174,1,0,0,0,0,2018-09-09 23:33:20,0,13209,1.0
428,41419,AF00098,AAA9101098,84,115.87578499999368,27.16844499986073,1,0,0,0,0,2018-09-09 23:33:21,0,13209,1.0
429,41420,AF00098,AAA9101098,84,115.87578499999803,27.168444999956396,1,0,0,0,0,2018-09-09 23:33:22,0,13209,1.0
430,41421,AF00098,AAA9101098,84,115.87578499999938,27.16844499998635,1,0,0,0,0,2018-09-09 23:33:23,0,13209,1.0
431,41422,AF00098,AAA9101098,84,115.87578499999981,27.168444999995728,1,0,0,0,0,2018-09-09 23:33:24,0,13209,1.0
432,41423,AF00098,AAA9101098,84,115.87578499999994,27.168444999998663,1,0,0,0,0,2018-09-09 23:33:25,0,13209,1.0
433,41424,AF00098,AAA9101098,84,115.87578499999998,27.168444999999583,1,0,0,0,0,2018-09-09 23:33:26,0,13209,1.0
434,41425,AF00098,AAA9101098,84,115.875785,27.16844499999987,1,0,0,0,0,2018-09-09 23:33:27,0,13209,1.0
435,41426,AF00098,AAA9101098,84,115.87578500000001,27.16844499999996,1,0,0,0,0,2018-09-09 23:33:28,0,13209,1.0
436,41427,AF00098,AAA9101098,84,115.87578500000001,27.168444999999988,1,0,0,0,0,2018-09-09 23:33:29,0,13209,1.0
437,41428,AF00098,AAA9101098,84,115.87578500000001,27.168444999999995,1,0,0,0,0,2018-09-09 23:33:30,0,13209,1.0
438,41429,AF00098,AAA9101098,84,115.87578500000001,27.168445,1,0,0,0,0,2018-09-09 23:33:31,0,13209,1.0
439,41430,AF00098,AAA9101098,84,115.87578500000001,27.168445000000002,1,0,0,0,0,2018-09-09 23:33:32,0,13209,1.0
440,41431,AF00098,AAA9101098,84,115.87578500000001,27.168445000000002,1,0,0,0,0,2018-09-09 23:33:33,0,13209,1.0
441,41432,AF00098,AAA9101098,84,115.87578500000001,27.168445000000002,1,0,0,0,0,2018-09-09 23:33:34,0,13209,1.0
442,41433,AF00098,AAA9101098,84,115.87578500000001,27.168445000000002,1,0,0,0,0,2018-09-09 23:33:35,0,13209,1.0
443,41434,AF00098,AAA9101098,84,115.87578500000001,27.168445000000002,1,0,0,0,0,2018-09-09 23:33:36,0,13209,1.0
444,41435,AF00098,AAA9101098,84,115.87578500000001,27.168445000000002,1,0,0,0,0,2018-09-09 23:33:37,0,13209,1.0
445,41436,AF00098,AAA9101098,84,115.87578500000001,27.168445000000002,1,0,0,0,0,2018-09-09 23:33:38,0,13209,1.0
446,41437,AF00098,AAA9101098,84,115.87578500000001,27.168445000000002,1,0,0,0,0,2018-09-09 23:33:39,0,13209,1.0
447,41438,AF00098,AAA9101098,84,115.87578500000001,27.168445000000002,1,0,0,0,0,2018-09-09 23:33:40,0,13209,1.0
448,41439,AF00098,AAA9101098,84,115.87578500000001,27.168445000000002,1,0,0,0,0,2018-09-09 23:33:41,0,13209,1.0
449,41440,AF00098,AAA9101098,84,115.87578500000001,27.168445000000002,1,0,0,0,0,2018-09-09 23:33:42,0,13209,1.0
450,41441,AF00098,AAA9101098,84,115.87578500000001,27.168445000000002,1,0,0,0,0,2018-09-09 23:33:43,0,13209,1.0
451,41442,AF00098,AAA9101098,84,115.87578500000001,27.168445000000002,1,0,0,0,0,2018-09-09 23:33:44,0,13209,1.0
452,41443,AF00098,AAA9101098,84,115.87578500000001,27.168445000000002,1,0,0,0,0,2018-09-09 23:33:45,0,13209,1.0
453,41444,AF00098,AAA9101098,84,115.87578500000001,27.168445000000002,1,0,0,0,0,2018-09-09 23:33:46,0,13209,1.0
454,41445,AF00098,AAA9101098,84,115.87578500000001,27.168445000000002,1,0,0,0,0,2018-09-09 23:33:47,0,13209,1.0
455,41446,AF00098,AAA9101098,84,115.87578500000001,27.168445000000002,1,0,0,0,0,2018-09-09 23:33:48,0,13209,1.0
456,41447,AF00098,AAA9101098,84,115.87578500000001,27.168445000000002,1,0,0,0,0,2018-09-09 23:33:49,0,13209,1.0
457,41448,AF00098,AAA9101098,84,115.87578500000001,27.168445000000002,1,0,0,0,0,2018-09-09 23:33:50,0,13209,1.0
458,41449,AF00098,AAA9101098,84,115.87578500000001,27.168445000000002,1,0,0,0,0,2018-09-09 23:33:51,0,13209,1.0
459,41450,AF00098,AAA9101098,84,115.87578500000001,27.168445000000002,1,0,0,0,0,2018-09-09 23:33:52,0,13209,1.0
460,41451,AF00098,AAA9101098,84,115.87578500000001,27.168445000000002,1,0,0,0,0,2018-09-09 23:33:53,0,13209,1.0
461,41452,AF00098,AAA9101098,84,115.87578500000001,27.168445000000002,1,0,0,0,0,2018-09-09 23:33:54,0,13209,1.0
462,41453,AF00098,AAA9101098,84,115.87578500000001,27.168445000000002,1,0,0,0,0,2018-09-09 23:33:55,0,13209,1.0
463,41454,AF00098,AAA9101098,84,115.87578500000001,27.168445000000002,1,0,0,0,0,2018-09-09 23:33:56,0,13209,1.0
464,41455,AF00098,AAA9101098,84,115.87578500000001,27.168445000000002,1,0,0,0,0,2018-09-09 23:33:57,0,13209,1.0
465,41456,AF00098,AAA9101098,84,115.87578500000001,27.168445000000002,1,0,0,0,0,2018-09-09 23:33:58,0,13209,1.0
466,41457,AF00098,AAA9101098,84,115.87578500000001,27.168445000000002,1,0,0,0,0,2018-09-09 23:33:59,0,13209,1.0
467,41458,AF00098,AAA9101098,84,115.87578500000001,27.168445000000002,1,0,0,0,0,2018-09-09 23:34:00,0,13209,1.0
468,41459,AF00098,AAA9101098,84,115.87578500000001,27.168445000000002,1,0,0,0,0,2018-09-09 23:34:01,0,13209,1.0
469,41460,AF00098,AAA9101098,84,115.87578500000001,27.168445000000002,1,0,0,0,0,2018-09-09 23:34:02,0,13209,1.0
470,41461,AF00098,AAA9101098,84,115.87578500000001,27.168445000000002,1,0,0,0,0,2018-09-09 23:34:03,0,13209,1.0
471,41462,AF00098,AAA9101098,84,115.87578500000001,27.168445000000002,1,0,0,0,0,2018-09-09 23:34:04,0,13209,1.0
472,41463,AF00098,AAA9101098,84,115.87578500000001,27.168445000000002,1,0,0,0,0,2018-09-09 23:34:05,0,13209,1.0
473,41464,AF00098,AAA9101098,84,115.87578500000001,27.168445000000002,1,0,0,0,0,2018-09-09 23:34:06,0,13209,1.0
474,41465,AF00098,AAA9101098,84,115.87578500000001,27.168445000000002,1,0,0,0,0,2018-09-09 23:34:07,0,13209,1.0
475,41466,AF00098,AAA9101098,84,115.87578500000001,27.168445000000002,1,0,0,0,0,2018-09-09 23:34:08,0,13209,1.0
476,41467,AF00098,AAA9101098,84,115.87578500000001,27.168445000000002,1,0,0,0,0,2018-09-09 23:34:09,0,13209,1.0
477,41468,AF00098,AAA9101098,84,115.87578500000001,27.168445000000002,1,0,0,0,0,2018-09-09 23:34:10,0,13209,1.0
478,41469,AF00098,AAA9101098,84,115.87578500000001,27.168445000000002,1,0,0,0,0,2018-09-09 23:34:11,0,13209,1.0
479,41470,AF00098,AAA9101098,84,115.87578500000001,27.168445000000002,1,0,0,0,0,2018-09-09 23:34:12,0,13209,1.0
480,41471,AF00098,AAA9101098,84,115.87578500000001,27.168445000000002,1,0,0,0,0,2018-09-09 23:34:13,0,13209,1.0
481,41472,AF00098,AAA9101098,84,115.87578500000001,27.168445000000002,1,0,0,0,0,2018-09-09 23:34:14,0,13209,1.0
482,41473,AF00098,AAA9101098,84,115.87578500000001,27.168445000000002,1,0,0,0,0,2018-09-09 23:34:15,0,13209,1.0
483,41474,AF00098,AAA9101098,84,115.87578500000001,27.168445000000002,1,0,0,0,0,2018-09-09 23:34:16,0,13209,1.0
484,41475,AF00098,AAA9101098,84,115.87578500000001,27.168445000000002,1,0,0,0,0,2018-09-09 23:34:17,0,13209,1.0
485,41476,AF00098,AAA9101098,84,115.87578500000001,27.168445000000002,1,0,0,0,0,2018-09-09 23:34:18,0,13209,1.0
486,41477,AF00098,AAA9101098,84,115.87578500000001,27.168445000000002,1,0,0,0,0,2018-09-09 23:34:19,0,13209,1.0
487,41478,AF00098,AAA9101098,84,115.87578500000001,27.168445000000002,1,0,0,0,0,2018-09-09 23:34:20,0,13209,1.0
488,41479,AF00098,AAA9101098,84,115.87578500000001,27.168445000000002,1,0,0,0,0,2018-09-09 23:34:21,0,13209,1.0
489,41480,AF00098,AAA9101098,84,115.87578500000001,27.168445000000002,1,0,0,0,0,2018-09-09 23:34:22,0,13209,1.0
490,41481,AF00098,AAA9101098,84,115.87578500000001,27.168445000000002,1,0,0,0,0,2018-09-09 23:34:23,0,13209,1.0
491,41482,AF00098,AAA9101098,84,115.87578500000001,27.168445000000002,1,0,0,0,0,2018-09-09 23:34:24,0,13209,1.0
492,41483,AF00098,AAA9101098,84,115.87578500000001,27.168445000000002,1,0,0,0,0,2018-09-09 23:34:25,0,13209,1.0
493,41484,AF00098,AAA9101098,84,115.87578500000001,27.168445000000002,1,0,0,0,0,2018-09-09 23:34:26,0,13209,1.0
494,41485,AF00098,AAA9101098,84,115.87578500000001,27.168445000000002,1,0,0,0,0,2018-09-09 23:34:27,0,13209,1.0
495,41486,AF00098,AAA9101098,84,115.87578500000001,27.168445000000002,1,0,0,0,0,2018-09-09 23:34:28,0,13209,1.0
496,41487,AF00098,AAA9101098,84,115.87578500000001,27.168445000000002,1,0,0,0,0,2018-09-09 23:34:29,0,13209,1.0
497,41488,AF00098,AAA9101098,84,115.87578500000001,27.168445000000002,1,0,0,0,0,2018-09-09 23:34:30,0,13209,1.0
498,41489,AF00098,AAA9101098,84,115.87578500000001,27.168445000000002,1,0,0,0,0,2018-09-09 23:34:31,0,13209,1.0
499,41490,AF00098,AAA9101098,84,115.87578500000001,27.168445000000002,1,0,0,0,0,2018-09-09 23:34:32,0,13209,1.0
500,41491,AF00098,AAA9101098,84,115.87578500000001,27.168445000000002,1,0,0,0,0,2018-09-09 23:34:33,0,13209,1.0
501,41492,AF00098,AAA9101098,84,115.87578500000001,27.168445000000002,1,0,0,0,0,2018-09-09 23:34:34,0,13209,1.0
502,41493,AF00098,AAA9101098,84,115.87578500000001,27.168445000000002,1,0,0,0,0,2018-09-09 23:34:35,0,13209,1.0
503,41494,AF00098,AAA9101098,84,115.87578500000001,27.168445000000002,1,0,0,0,0,2018-09-09 23:34:36,0,13209,1.0
504,41495,AF00098,AAA9101098,84,115.87578500000001,27.168445000000002,1,0,0,0,0,2018-09-09 23:34:37,0,13209,1.0
505,41496,AF00098,AAA9101098,84,115.87578500000001,27.168445000000002,1,0,0,0,0,2018-09-09 23:34:38,0,13209,1.0
506,41497,AF00098,AAA9101098,84,115.87578500000001,27.168445000000002,1,0,0,0,0,2018-09-09 23:34:39,0,13209,1.0
507,41498,AF00098,AAA9101098,84,115.87578500000001,27.168445000000002,1,0,0,0,0,2018-09-09 23:34:40,0,13209,1.0
508,41499,AF00098,AAA9101098,84,115.87578500000001,27.168445000000002,1,0,0,0,0,2018-09-09 23:34:41,0,13209,1.0
509,41500,AF00098,AAA9101098,84,115.87578500000001,27.168445000000002,1,0,0,0,0,2018-09-09 23:34:42,0,13209,1.0
510,41501,AF00098,AAA9101098,84,115.87578500000001,27.168445000000002,1,0,0,0,0,2018-09-09 23:34:43,0,13209,1.0
511,41502,AF00098,AAA9101098,84,115.87578500000001,27.168445000000002,1,0,0,0,0,2018-09-09 23:34:44,0,13209,1.0
512,41503,AF00098,AAA9101098,84,115.87578500000001,27.168445000000002,1,0,0,0,0,2018-09-09 23:34:45,0,13209,1.0
513,41504,AF00098,AAA9101098,84,115.87578500000001,27.168445000000002,1,0,0,0,0,2018-09-09 23:34:46,0,13209,1.0
514,41505,AF00098,AAA9101098,84,115.87578500000001,27.168445000000002,1,0,0,0,0,2018-09-09 23:34:47,0,13209,1.0
515,41506,AF00098,AAA9101098,84,115.87578500000001,27.168445000000002,1,0,0,0,0,2018-09-09 23:34:48,0,13209,1.0
516,41507,AF00098,AAA9101098,84,115.87578500000001,27.168445000000002,1,0,0,0,0,2018-09-09 23:34:49,0,13209,1.0
517,41508,AF00098,AAA9101098,84,115.87578500000001,27.168445000000002,1,0,0,0,0,2018-09-09 23:34:50,0,13209,1.0
518,41509,AF00098,AAA9101098,84,115.87578500000001,27.168445000000002,1,0,0,0,0,2018-09-09 23:34:51,0,13209,1.0
519,41510,AF00098,AAA9101098,84,115.87578500000001,27.168445000000002,1,0,0,0,0,2018-09-09 23:34:52,0,13209,1.0
520,41511,AF00098,AAA9101098,84,115.87578500000001,27.168445000000002,1,0,0,0,0,2018-09-09 23:34:53,0,13209,1.0
521,41512,AF00098,AAA9101098,84,115.87578500000001,27.168445000000002,1,0,0,0,0,2018-09-09 23:34:54,0,13209,1.0
522,41513,AF00098,AAA9101098,84,115.87578500000001,27.168445000000002,1,0,0,0,0,2018-09-09 23:34:55,0,13209,1.0
523,41514,AF00098,AAA9101098,84,115.87578500000001,27.168445000000002,1,0,0,0,0,2018-09-09 23:34:56,0,13209,1.0
524,41515,AF00098,AAA9101098,84,115.87578500000001,27.168445000000002,1,0,0,0,0,2018-09-09 23:34:57,0,13209,1.0
525,41516,AF00098,AAA9101098,84,115.87578500000001,27.168445000000002,1,0,0,0,0,2018-09-09 23:34:58,0,13209,1.0
526,41517,AF00098,AAA9101098,84,115.87578500000001,27.168445000000002,1,0,0,0,0,2018-09-09 23:34:59,0,13209,1.0
527,41518,AF00098,AAA9101098,84,115.87578500000001,27.168445000000002,1,0,0,0,0,2018-09-09 23:35:00,0,13209,1.0
528,41519,AF00098,AAA9101098,84,115.87578500000001,27.168445000000002,1,0,0,0,0,2018-09-09 23:35:01,0,13209,1.0
529,41520,AF00098,AAA9101098,84,115.87578500000001,27.168445000000002,1,0,0,0,0,2018-09-09 23:35:02,0,13209,1.0
530,41521,AF00098,AAA9101098,84,115.87578500000001,27.168445000000002,1,0,0,0,0,2018-09-09 23:35:03,0,13209,2.0
531,41522,AF00098,AAA9101098,84,115.87578500000001,27.168445000000002,1,0,0,0,0,2018-09-09 23:35:05,0,13209,1.0
532,41523,AF00098,AAA9101098,84,115.87578500000001,27.168445000000002,1,0,0,0,0,2018-09-09 23:35:06,0,13209,1.0
533,41524,AF00098,AAA9101098,84,115.87578500000001,27.168445000000002,1,0,0,0,0,2018-09-09 23:35:07,0,13209,1.0
534,41525,AF00098,AAA9101098,84,115.87578500000001,27.168445000000002,1,0,0,0,0,2018-09-09 23:35:08,0,13209,1.0
535,41526,AF00098,AAA9101098,84,115.87578500000001,27.168445000000002,1,0,0,0,0,2018-09-09 23:35:09,0,13209,1.0
536,41527,AF00098,AAA9101098,84,115.87578500000001,27.168445000000002,1,0,0,0,0,2018-09-09 23:35:10,0,13209,1.0
537,41528,AF00098,AAA9101098,84,115.87578500000001,27.168445000000002,1,0,0,0,0,2018-09-09 23:35:11,0,13209,1.0
538,41529,AF00098,AAA9101098,84,115.87578500000001,27.168445000000002,1,0,0,0,0,2018-09-09 23:35:12,0,13209,1.0
539,41530,AF00098,AAA9101098,84,115.87578500000001,27.168445000000002,1,0,0,0,0,2018-09-09 23:35:13,0,13209,1.0
540,41531,AF00098,AAA9101098,84,115.87578500000001,27.168445000000002,1,0,0,0,0,2018-09-09 23:35:14,0,13209,1.0
541,41532,AF00098,AAA9101098,84,115.87578500000001,27.168445000000002,1,0,0,0,0,2018-09-09 23:35:15,0,13209,1.0
542,41533,AF00098,AAA9101098,84,115.87578500000001,27.168445000000002,1,0,0,0,0,2018-09-09 23:35:16,0,13209,1.0
543,41534,AF00098,AAA9101098,84,115.87578500000001,27.168445000000002,1,0,0,0,0,2018-09-09 23:35:17,0,13209,1.0
544,41535,AF00098,AAA9101098,84,115.87578500000001,27.168445000000002,1,0,0,0,0,2018-09-09 23:35:18,0,13209,1.0
545,41536,AF00098,AAA9101098,84,115.87578500000001,27.168445000000002,1,0,0,0,0,2018-09-09 23:35:19,0,13209,1.0
546,41537,AF00098,AAA9101098,84,115.87578500000001,27.168445000000002,1,0,0,0,0,2018-09-09 23:35:20,0,13209,1.0
547,41538,AF00098,AAA9101098,84,115.87578500000001,27.168445000000002,1,0,0,0,0,2018-09-09 23:35:21,0,13209,1.0
548,41539,AF00098,AAA9101098,84,115.87578500000001,27.168445000000002,1,0,0,0,0,2018-09-09 23:35:22,0,13209,1.0
549,41540,AF00098,AAA9101098,84,115.87578500000001,27.168445000000002,1,0,0,0,0,2018-09-09 23:35:23,0,13209,1.0
550,41541,AF00098,AAA9101098,84,115.87578500000001,27.168445000000002,1,0,0,0,0,2018-09-09 23:35:24,0,13209,1.0
551,41542,AF00098,AAA9101098,84,115.87578500000001,27.168445000000002,1,0,0,0,0,2018-09-09 23:35:25,0,13209,1.0
552,41543,AF00098,AAA9101098,84,115.87578500000001,27.168445000000002,1,0,0,0,0,2018-09-09 23:35:26,0,13209,1.0
553,41544,AF00098,AAA9101098,84,115.87578500000001,27.168445000000002,1,0,0,0,0,2018-09-09 23:35:27,0,13209,1.0
554,41545,AF00098,AAA9101098,84,115.87578500000001,27.168445000000002,1,0,0,0,0,2018-09-09 23:35:28,0,13209,1.0
555,41546,AF00098,AAA9101098,84,115.87578500000001,27.168445000000002,1,0,0,0,0,2018-09-09 23:35:29,0,13209,1.0
556,41547,AF00098,AAA9101098,84,115.87578500000001,27.168445000000002,1,0,0,0,0,2018-09-09 23:35:30,0,13209,1.0
557,41548,AF00098,AAA9101098,84,115.87578500000001,27.168445000000002,1,0,0,0,0,2018-09-09 23:35:31,0,13209,1.0
558,41549,AF00098,AAA9101098,84,115.87578500000001,27.168445000000002,1,0,0,0,0,2018-09-09 23:35:32,0,13209,1.0
559,41550,AF00098,AAA9101098,84,115.87578500000001,27.168445000000002,1,0,0,0,0,2018-09-09 23:35:33,0,13209,1.0
560,41551,AF00098,AAA9101098,84,115.87578500000001,27.168445000000002,1,0,0,0,0,2018-09-09 23:35:34,0,13209,1.0
561,41552,AF00098,AAA9101098,84,115.87578500000001,27.168445000000002,1,0,0,0,0,2018-09-09 23:35:35,0,13209,1.0
562,41553,AF00098,AAA9101098,84,115.87578500000001,27.168445000000002,1,0,0,0,0,2018-09-09 23:35:36,0,13209,1.0
563,41554,AF00098,AAA9101098,84,115.87578500000001,27.168445000000002,1,0,0,0,0,2018-09-09 23:35:37,0,13209,1.0
564,41555,AF00098,AAA9101098,84,115.87578500000001,27.168445000000002,1,0,0,0,0,2018-09-09 23:35:38,0,13209,1.0
565,41556,AF00098,AAA9101098,84,115.87578500000001,27.168445000000002,1,0,0,0,0,2018-09-09 23:35:39,0,13209,1.0
566,41557,AF00098,AAA9101098,84,115.87578500000001,27.168445000000002,1,0,0,0,0,2018-09-09 23:35:40,0,13209,1.0
567,41558,AF00098,AAA9101098,84,115.87578500000001,27.168445000000002,1,0,0,0,0,2018-09-09 23:35:41,0,13209,1.0
568,41559,AF00098,AAA9101098,84,115.87578500000001,27.168445000000002,1,0,0,0,0,2018-09-09 23:35:42,0,13209,1.0
569,41560,AF00098,AAA9101098,84,115.87578500000001,27.168445000000002,1,0,0,0,0,2018-09-09 23:35:43,0,13209,1.0
570,41561,AF00098,AAA9101098,84,115.87578500000001,27.168445000000002,1,0,0,0,0,2018-09-09 23:35:44,0,13209,1.0
571,41562,AF00098,AAA9101098,84,115.87578500000001,27.168445000000002,1,0,0,0,0,2018-09-09 23:35:45,0,13209,1.0
572,41563,AF00098,AAA9101098,84,115.87578500000001,27.168445000000002,1,0,0,0,0,2018-09-09 23:35:46,0,13209,1.0
573,41564,AF00098,AAA9101098,84,115.87578500000001,27.168445000000002,1,0,0,0,0,2018-09-09 23:35:47,0,13209,1.0
574,41565,AF00098,AAA9101098,84,115.87578500000001,27.168445000000002,1,0,0,0,0,2018-09-09 23:35:48,0,13209,1.0
575,41566,AF00098,AAA9101098,84,115.87578500000001,27.168445000000002,1,0,0,0,0,2018-09-09 23:35:49,0,13209,1.0
576,41567,AF00098,AAA9101098,84,115.87578500000001,27.168445000000002,1,0,0,0,0,2018-09-09 23:35:50,0,13209,1.0
577,41568,AF00098,AAA9101098,84,115.87578500000001,27.168445000000002,1,0,0,0,0,2018-09-09 23:35:51,0,13209,1.0
578,41569,AF00098,AAA9101098,84,115.87578500000001,27.168445000000002,1,0,0,0,0,2018-09-09 23:35:52,0,13209,1.0
579,41570,AF00098,AAA9101098,84,115.87578500000001,27.168445000000002,1,0,0,0,0,2018-09-09 23:35:53,0,13209,1.0
580,41571,AF00098,AAA9101098,84,115.87578500000001,27.168445000000002,1,0,0,0,0,2018-09-09 23:35:54,0,13209,1.0
581,41572,AF00098,AAA9101098,84,115.87578500000001,27.168445000000002,1,0,0,0,0,2018-09-09 23:35:55,0,13209,1.0
582,41573,AF00098,AAA9101098,84,115.87578500000001,27.168445000000002,1,0,0,0,0,2018-09-09 23:35:56,0,13209,1.0
583,41574,AF00098,AAA9101098,84,115.87578500000001,27.168445000000002,1,0,0,0,0,2018-09-09 23:35:57,0,13209,1.0
584,41575,AF00098,AAA9101098,84,115.87578500000001,27.168445000000002,1,0,0,0,0,2018-09-09 23:35:58,0,13209,1.0
585,41576,AF00098,AAA9101098,84,115.87578500000001,27.168445000000002,1,0,0,0,0,2018-09-09 23:35:59,0,13209,1.0
586,41577,AF00098,AAA9101098,84,115.87578500000001,27.168445000000002,1,0,0,0,0,2018-09-09 23:36:00,0,13209,1.0
587,41578,AF00098,AAA9101098,84,115.87578500000001,27.168445000000002,1,0,0,0,0,2018-09-09 23:36:01,0,13209,1.0
588,41579,AF00098,AAA9101098,84,115.87578500000001,27.168445000000002,1,0,0,0,0,2018-09-09 23:36:02,0,13209,1.0
589,41580,AF00098,AAA9101098,84,115.87578500000001,27.168445000000002,1,0,0,0,0,2018-09-09 23:36:03,0,13209,1.0
590,41581,AF00098,AAA9101098,84,115.87578500000001,27.168445000000002,1,0,0,0,0,2018-09-09 23:36:04,0,13209,1.0
591,41582,AF00098,AAA9101098,84,115.87578500000001,27.168445000000002,1,0,0,0,0,2018-09-09 23:36:05,0,13209,2.0
592,41583,AF00098,AAA9101098,84,115.87578500000001,27.168445000000002,1,0,0,0,0,2018-09-09 23:36:07,0,13209,1.0
593,41584,AF00098,AAA9101098,84,115.87578500000001,27.168445000000002,1,0,0,0,0,2018-09-09 23:36:08,0,13209,1.0
594,41585,AF00098,AAA9101098,84,115.87578500000001,27.168445000000002,1,0,0,0,0,2018-09-09 23:36:09,0,13209,1.0
595,41586,AF00098,AAA9101098,84,115.87578500000001,27.168445000000002,1,0,0,0,0,2018-09-09 23:36:10,0,13209,1.0
596,41587,AF00098,AAA9101098,84,115.87578500000001,27.168445000000002,1,0,0,0,0,2018-09-09 23:36:11,0,13209,1.0
597,41588,AF00098,AAA9101098,84,115.87578500000001,27.168445000000002,1,0,0,0,0,2018-09-09 23:36:12,0,13209,1.0
598,41589,AF00098,AAA9101098,84,115.87578500000001,27.168445000000002,1,0,0,0,0,2018-09-09 23:36:13,0,13209,1.0
599,41590,AF00098,AAA9101098,84,115.87578500000001,27.168445000000002,1,0,0,0,0,2018-09-09 23:36:14,0,13209,1.0
600,41591,AF00098,AAA9101098,84,115.87578500000001,27.168445000000002,1,0,0,0,0,2018-09-09 23:36:15,0,13209,1.0
601,41592,AF00098,AAA9101098,84,115.87578500000001,27.168445000000002,1,0,0,0,0,2018-09-09 23:36:16,0,13209,1.0
602,41593,AF00098,AAA9101098,84,115.87578500000001,27.168445000000002,1,0,0,0,0,2018-09-09 23:36:17,0,13209,1.0
603,41594,AF00098,AAA9101098,84,115.87578500000001,27.168445000000002,1,0,0,0,0,2018-09-09 23:36:18,0,13209,1.0
604,41595,AF00098,AAA9101098,84,115.87578500000001,27.168445000000002,1,0,0,0,0,2018-09-09 23:36:19,0,13209,1.0
605,41596,AF00098,AAA9101098,84,115.87578500000001,27.168445000000002,1,0,0,0,0,2018-09-09 23:36:20,0,13209,1.0
606,41597,AF00098,AAA9101098,84,115.87578500000001,27.168445000000002,1,0,0,0,0,2018-09-09 23:36:21,0,13209,1.0
607,41598,AF00098,AAA9101098,84,115.87578500000001,27.168445000000002,1,0,0,0,0,2018-09-09 23:36:22,0,13209,1.0
608,41599,AF00098,AAA9101098,84,115.87578500000001,27.168445000000002,1,0,0,0,0,2018-09-09 23:36:23,0,13209,1.0
609,41600,AF00098,AAA9101098,84,115.87578500000001,27.168445000000002,1,0,0,0,0,2018-09-09 23:36:24,0,13209,1.0
610,41601,AF00098,AAA9101098,84,115.87578500000001,27.168445000000002,1,0,0,0,0,2018-09-09 23:36:25,0,13209,1.0
611,41602,AF00098,AAA9101098,84,115.87578500000001,27.168445000000002,1,0,0,0,0,2018-09-09 23:36:26,0,13209,1.0
612,41603,AF00098,AAA9101098,84,115.87578500000001,27.168445000000002,1,0,0,0,0,2018-09-09 23:36:27,0,13209,1.0
613,41604,AF00098,AAA9101098,84,115.87578500000001,27.168445000000002,1,0,0,0,0,2018-09-09 23:36:28,0,13209,1.0
614,41605,AF00098,AAA9101098,84,115.87578500000001,27.168445000000002,1,0,0,0,0,2018-09-09 23:36:29,0,13209,1.0
615,41606,AF00098,AAA9101098,84,115.87578500000001,27.168445000000002,1,0,0,0,0,2018-09-09 23:36:30,0,13209,1.0
616,41607,AF00098,AAA9101098,84,115.87578500000001,27.168445000000002,1,0,0,0,0,2018-09-09 23:36:31,0,13209,1.0
617,41608,AF00098,AAA9101098,84,115.87578500000001,27.168445000000002,1,0,0,0,0,2018-09-09 23:36:32,0,13209,1.0
618,41609,AF00098,AAA9101098,84,115.87578500000001,27.168445,1,0,0,0,0,2018-09-09 23:36:33,0,13209,1.0
619,41610,AF00098,AAA9101098,84,115.87578500000002,27.168444999999995,1,0,0,0,0,2018-09-09 23:36:34,0,13209,1.0
620,41611,AF00098,AAA9101098,84,115.87578500000005,27.16844499999998,1,0,0,0,0,2018-09-09 23:36:35,0,13209,1.0
621,41612,AF00098,AAA9101098,84,115.87578500000016,27.16844499999993,1,0,0,0,0,2018-09-09 23:36:36,0,13209,1.0
622,41613,AF00098,AAA9101098,84,115.87578500000049,27.168444999999775,1,0,0,0,0,2018-09-09 23:36:37,0,13209,1.0
623,41614,AF00098,AAA9101098,84,115.87578500000156,27.168444999999277,1,0,0,0,0,2018-09-09 23:36:38,0,13209,1.0
624,41615,AF00098,AAA9101098,84,115.87578500000497,27.168444999997686,1,0,0,0,0,2018-09-09 23:36:39,0,13209,1.0
625,41616,AF00098,AAA9101098,84,115.87578500001587,27.168444999992598,1,0,0,0,0,2018-09-09 23:36:40,0,13209,1.0
626,41617,AF00098,AAA9101098,84,115.87578500005068,27.16844499997635,1,0,0,0,0,2018-09-09 23:36:41,0,13209,1.0
627,41618,AF00098,AAA9101098,84,115.87578500016188,27.16844499992446,1,0,0,0,0,2018-09-09 23:36:42,0,13209,1.0
628,41619,AF00098,AAA9101098,84,115.87578500051703,27.168444999758727,1,0,0,0,0,2018-09-09 23:36:43,0,13209,1.0
629,41620,AF00098,AAA9101098,84,115.87578500165132,27.168444999229386,1,0,0,0,0,2018-09-09 23:36:44,0,13209,1.0
630,41621,AF00098,AAA9101098,84,115.87578500527421,27.168444997538703,1,0,0,0,0,2018-09-09 23:36:45,0,13209,1.0
631,41622,AF00098,AAA9101098,84,115.87578501684548,27.168444992138777,1,0,0,0,0,2018-09-09 23:36:46,0,13209,1.0
632,41623,AF00098,AAA9101098,84,115.87578505380336,27.168444974891766,1,0,0,0,0,2018-09-09 23:36:47,0,13209,1.0
633,41624,AF00098,AAA9101098,84,115.8757851718444,27.168444919805935,1,0,0,0,0,2018-09-09 23:36:48,0,13209,2.0
634,41625,AF00098,AAA9101098,84,115.87578554885981,27.16844474386539,1,0,0,0,0,2018-09-09 23:36:50,0,13209,1.0
635,41626,AF00098,AAA9101098,84,115.87578675302245,27.168444181922773,1,0,0,0,0,2018-09-09 23:36:51,0,13209,1.0
636,41627,AF00098,AAA9101098,84,115.87579059903948,27.168442387114727,1,0,0,0,0,2018-09-09 23:36:52,0,13209,1.0
637,41628,AF00098,AAA9101098,84,115.87580288296733,27.168436654614986,1,0,0,0,0,2018-09-09 23:36:53,0,13209,3.0
638,41629,AF00098,AAA9101098,84,115.87584211703268,27.16841834538501,1,0,0,0,0,2018-09-09 23:36:56,0,13209,2.0
639,41630,AF00098,AAA9101098,84,115.87585440096053,27.168412612885273,0,0,0,0,0,2018-09-09 23:36:58,0,13209,1.0
640,41631,AF00098,AAA9101098,84,115.87585824697757,27.168410818077227,0,0,0,0,0,2018-09-09 23:36:59,0,13209,1.0
641,41632,AF00098,AAA9101098,84,115.8758594511402,27.16841025613461,0,0,0,0,0,2018-09-09 23:37:00,0,13209,2.0
642,41633,AF00098,AAA9101098,84,115.87585982815561,27.168410080194064,0,0,0,0,0,2018-09-09 23:37:02,0,13209,1.0
643,41634,AF00098,AAA9101098,84,115.87585994619666,27.168410025108233,0,0,0,0,0,2018-09-09 23:37:03,0,13209,3.0
644,41635,AF00098,AAA9101098,84,115.87585998315453,27.168410007861223,0,0,0,0,0,2018-09-09 23:37:06,0,13209,1.0
645,41636,AF00098,AAA9101098,84,115.87585999472579,27.168410002461297,0,0,0,0,0,2018-09-09 23:37:07,0,13209,3.0
646,41637,AF00098,AAA9101098,84,115.87585999834869,27.168410000770614,0,0,0,0,0,2018-09-09 23:37:10,0,13209,1.0
647,41638,AF00098,AAA9101098,84,115.87585999948298,27.168410000241273,0,0,0,0,0,2018-09-09 23:37:11,0,13209,3.0
648,41639,AF00098,AAA9101098,84,115.87585999983813,27.16841000007554,0,0,0,0,0,2018-09-09 23:37:14,0,13209,1.0
649,41640,AF00098,AAA9101098,84,115.87585999994931,27.168410000023652,0,0,0,0,0,2018-09-09 23:37:15,0,13209,2.0
650,41641,AF00098,AAA9101098,84,115.87585999998413,27.168410000007405,0,0,0,0,0,2018-09-09 23:37:17,0,13209,1.0
651,41642,AF00098,AAA9101098,84,115.87585999999503,27.168410000002318,0,0,0,0,0,2018-09-09 23:37:18,0,13209,1.0
652,41643,AF00098,AAA9101098,84,115.87585999999844,27.168410000000723,0,0,0,0,0,2018-09-09 23:37:19,0,13209,1.0
653,41644,AF00098,AAA9101098,84,115.87585999999952,27.168410000000225,0,0,0,0,0,2018-09-09 23:37:20,0,13209,1.0
654,41645,AF00098,AAA9101098,84,115.87585999999985,27.16841000000007,0,0,0,0,0,2018-09-09 23:37:21,0,13209,1.0
655,41646,AF00098,AAA9101098,84,115.87585999999996,27.16841000000002,0,0,0,0,0,2018-09-09 23:37:22,0,13209,1.0
656,41647,AF00098,AAA9101098,84,115.87585999999999,27.168410000000005,0,0,0,0,0,2018-09-09 23:37:23,0,13209,1.0
657,41648,AF00098,AAA9101098,84,115.87586,27.16841,0,0,0,0,0,2018-09-09 23:37:24,0,13209,2.0
658,41649,AF00098,AAA9101098,84,115.87586,27.168409999999998,0,0,0,0,0,2018-09-09 23:37:26,0,13209,1.0
659,41650,AF00098,AAA9101098,84,115.87586,27.168409999999998,0,0,0,0,0,2018-09-09 23:37:27,0,13209,1.0
660,41651,AF00098,AAA9101098,84,115.87586,27.168409999999998,0,0,0,0,0,2018-09-09 23:37:28,0,13209,1.0
661,41652,AF00098,AAA9101098,84,115.87586,27.168409999999998,0,0,0,0,0,2018-09-09 23:37:29,0,13209,1.0
662,41653,AF00098,AAA9101098,84,115.87586,27.168409999999998,0,0,0,0,0,2018-09-09 23:37:30,0,13209,1.0
663,41654,AF00098,AAA9101098,84,115.87586,27.168409999999998,0,0,0,0,0,2018-09-09 23:37:31,0,13209,1.0
664,41655,AF00098,AAA9101098,84,115.87586,27.168409999999998,0,0,0,0,0,2018-09-09 23:37:32,0,13209,1.0
665,41656,AF00098,AAA9101098,84,115.87586,27.168409999999998,0,0,0,0,0,2018-09-09 23:37:33,0,13209,1.0
666,41657,AF00098,AAA9101098,84,115.87586,27.168409999999998,0,0,0,0,0,2018-09-09 23:37:34,0,13209,1.0
667,41658,AF00098,AAA9101098,84,115.87586,27.168409999999998,0,0,0,0,0,2018-09-09 23:37:35,0,13209,1.0
668,41659,AF00098,AAA9101098,84,115.87586,27.168409999999998,0,0,0,0,0,2018-09-09 23:37:36,0,13209,1.0
669,41660,AF00098,AAA9101098,84,115.87586,27.168409999999998,0,0,0,0,0,2018-09-09 23:37:37,0,13209,2.0
670,41661,AF00098,AAA9101098,84,115.87586,27.168409999999998,0,0,0,0,0,2018-09-09 23:37:39,0,13209,1.0
671,41662,AF00098,AAA9101098,84,115.87586,27.168409999999998,0,0,0,0,0,2018-09-09 23:37:40,0,13209,1.0
672,41663,AF00098,AAA9101098,84,115.87586,27.168409999999998,0,0,0,0,0,2018-09-09 23:37:41,0,13209,1.0
673,41664,AF00098,AAA9101098,84,115.87586,27.168409999999998,0,0,0,0,0,2018-09-09 23:37:42,0,13209,1.0
674,41665,AF00098,AAA9101098,84,115.87586,27.168409999999998,0,0,0,0,0,2018-09-09 23:37:43,0,13209,1.0
675,41666,AF00098,AAA9101098,84,115.87586,27.168409999999998,0,0,0,0,0,2018-09-09 23:37:44,0,13209,1.0
676,41667,AF00098,AAA9101098,84,115.87586,27.168409999999998,0,0,0,0,0,2018-09-09 23:37:45,0,13209,1.0
677,41668,AF00098,AAA9101098,84,115.87586,27.168409999999998,0,0,0,0,0,2018-09-09 23:37:46,0,13209,1.0
678,41669,AF00098,AAA9101098,84,115.87586,27.168409999999998,0,0,0,0,0,2018-09-09 23:37:47,0,13209,1.0
679,41670,AF00098,AAA9101098,84,115.87586,27.168409999999998,0,0,0,0,0,2018-09-09 23:37:48,0,13209,1.0
680,41671,AF00098,AAA9101098,84,115.87586,27.168409999999998,0,0,0,0,0,2018-09-09 23:37:49,0,13209,1.0
681,41672,AF00098,AAA9101098,84,115.87586,27.168409999999998,0,0,0,0,0,2018-09-09 23:37:50,0,13209,1.0
682,41673,AF00098,AAA9101098,84,115.87586,27.168409999999998,0,0,0,0,0,2018-09-09 23:37:51,0,13209,1.0
683,41674,AF00098,AAA9101098,84,115.87586,27.168409999999998,0,0,0,0,0,2018-09-09 23:37:52,0,13209,1.0
684,41675,AF00098,AAA9101098,84,115.87586,27.168409999999998,0,0,0,0,0,2018-09-09 23:37:53,0,13209,1.0
685,41676,AF00098,AAA9101098,84,115.87586,27.168409999999998,0,0,0,0,0,2018-09-09 23:37:54,0,13209,1.0
686,41677,AF00098,AAA9101098,84,115.87586,27.168409999999998,0,0,0,0,0,2018-09-09 23:37:55,0,13209,1.0
687,41678,AF00098,AAA9101098,84,115.87586,27.168409999999998,0,0,0,0,0,2018-09-09 23:37:56,0,13209,1.0
688,41679,AF00098,AAA9101098,84,115.87586,27.168409999999998,0,0,0,0,0,2018-09-09 23:37:57,0,13209,1.0
689,41680,AF00098,AAA9101098,84,115.87586,27.168409999999998,0,0,0,0,0,2018-09-09 23:37:58,0,13209,1.0
690,41681,AF00098,AAA9101098,84,115.87586,27.168409999999998,0,0,0,0,0,2018-09-09 23:37:59,0,13209,1.0
691,41682,AF00098,AAA9101098,84,115.87586,27.168409999999998,0,0,0,0,0,2018-09-09 23:38:00,0,13209,1.0
692,41683,AF00098,AAA9101098,84,115.87586,27.168409999999998,0,0,0,0,0,2018-09-09 23:38:01,0,13209,1.0
693,41684,AF00098,AAA9101098,84,115.87586,27.168409999999998,0,0,0,0,0,2018-09-09 23:38:02,0,13209,1.0
694,41685,AF00098,AAA9101098,84,115.87586,27.168409999999998,0,0,0,0,0,2018-09-09 23:38:03,0,13209,1.0
695,41686,AF00098,AAA9101098,84,115.87586,27.168409999999998,0,0,0,0,0,2018-09-09 23:38:04,0,13209,1.0
696,41687,AF00098,AAA9101098,84,115.87586,27.168409999999998,0,0,0,0,0,2018-09-09 23:38:05,0,13209,1.0
697,41688,AF00098,AAA9101098,84,115.87586,27.168409999999998,0,0,0,0,0,2018-09-09 23:38:06,0,13209,1.0
698,41689,AF00098,AAA9101098,84,115.87586,27.168409999999998,0,0,0,0,0,2018-09-09 23:38:07,0,13209,1.0
699,41690,AF00098,AAA9101098,84,115.87586,27.168409999999998,0,0,0,0,0,2018-09-09 23:38:08,0,13209,1.0
700,41691,AF00098,AAA9101098,84,115.87586,27.168409999999998,0,0,0,0,0,2018-09-09 23:38:09,0,13209,1.0
701,41692,AF00098,AAA9101098,84,115.87586,27.168409999999998,0,0,0,0,0,2018-09-09 23:38:10,0,13209,1.0
702,41693,AF00098,AAA9101098,84,115.87586,27.168409999999998,0,0,0,0,0,2018-09-09 23:38:11,0,13209,1.0
703,41694,AF00098,AAA9101098,84,115.87586,27.168409999999998,0,0,0,0,0,2018-09-09 23:38:12,0,13209,1.0
704,41695,AF00098,AAA9101098,84,115.87586,27.168409999999998,0,0,0,0,0,2018-09-09 23:38:13,0,13209,1.0
705,41696,AF00098,AAA9101098,84,115.87586,27.168409999999998,0,0,0,0,0,2018-09-09 23:38:14,0,13209,1.0
706,41697,AF00098,AAA9101098,84,115.87586,27.168409999999998,0,0,0,0,0,2018-09-09 23:38:15,0,13209,1.0
707,41698,AF00098,AAA9101098,84,115.87586,27.168409999999998,0,0,0,0,0,2018-09-09 23:38:16,0,13209,1.0
708,41699,AF00098,AAA9101098,84,115.87586,27.168409999999998,0,0,0,0,0,2018-09-09 23:38:17,0,13209,1.0
709,41700,AF00098,AAA9101098,84,115.87586,27.168409999999998,0,0,0,0,0,2018-09-09 23:38:18,0,13209,1.0
710,41701,AF00098,AAA9101098,84,115.87586,27.168409999999998,0,0,0,0,0,2018-09-09 23:38:19,0,13209,1.0
711,41702,AF00098,AAA9101098,84,115.87586,27.168409999999998,0,0,0,0,0,2018-09-09 23:38:20,0,13209,1.0
712,41703,AF00098,AAA9101098,84,115.87586,27.168409999999998,0,0,0,0,0,2018-09-09 23:38:21,0,13209,1.0
713,41704,AF00098,AAA9101098,84,115.87586,27.168409999999998,0,0,0,0,0,2018-09-09 23:38:22,0,13209,1.0
714,41705,AF00098,AAA9101098,84,115.87586,27.168409999999998,0,0,0,0,0,2018-09-09 23:38:23,0,13209,1.0
715,41706,AF00098,AAA9101098,84,115.87586,27.168409999999998,0,0,0,0,0,2018-09-09 23:38:24,0,13209,1.0
716,41707,AF00098,AAA9101098,84,115.87586,27.168409999999998,0,0,0,0,0,2018-09-09 23:38:25,0,13209,1.0
717,41708,AF00098,AAA9101098,84,115.87586,27.168409999999998,0,0,0,0,0,2018-09-09 23:38:26,0,13209,1.0
718,41709,AF00098,AAA9101098,84,115.87586,27.168409999999998,0,0,0,0,0,2018-09-09 23:38:27,0,13209,1.0
719,41710,AF00098,AAA9101098,84,115.87586,27.168409999999998,0,0,0,0,0,2018-09-09 23:38:28,0,13209,1.0
720,41711,AF00098,AAA9101098,84,115.87586,27.168409999999998,0,0,0,0,0,2018-09-09 23:38:29,0,13209,1.0
721,41712,AF00098,AAA9101098,84,115.87586,27.168409999999998,0,0,0,0,0,2018-09-09 23:38:30,0,13209,1.0
722,41713,AF00098,AAA9101098,84,115.87586,27.168409999999998,0,0,0,0,0,2018-09-09 23:38:31,0,13209,1.0
723,41714,AF00098,AAA9101098,84,115.87586,27.168409999999998,0,0,0,0,0,2018-09-09 23:38:32,0,13209,1.0
724,41715,AF00098,AAA9101098,84,115.87586,27.168409999999998,0,0,0,0,0,2018-09-09 23:38:33,0,13209,1.0
725,41716,AF00098,AAA9101098,84,115.87586,27.168409999999998,0,0,0,0,0,2018-09-09 23:38:34,0,13209,1.0
726,41717,AF00098,AAA9101098,84,115.87586,27.168409999999998,0,0,0,0,0,2018-09-09 23:38:35,0,13209,1.0
727,41718,AF00098,AAA9101098,84,115.87586,27.168409999999998,0,0,0,0,0,2018-09-09 23:38:36,0,13209,1.0
728,41719,AF00098,AAA9101098,84,115.87586,27.168409999999998,0,0,0,0,0,2018-09-09 23:38:37,0,13209,1.0
729,41720,AF00098,AAA9101098,84,115.87586,27.168409999999998,0,0,0,0,0,2018-09-09 23:38:38,0,13209,1.0
730,41721,AF00098,AAA9101098,84,115.87586,27.168409999999998,0,0,0,0,0,2018-09-09 23:38:39,0,13209,1.0
731,41722,AF00098,AAA9101098,84,115.87586,27.168409999999998,0,0,0,0,0,2018-09-09 23:38:40,0,13209,1.0
732,41723,AF00098,AAA9101098,84,115.87586,27.168409999999998,0,0,0,0,0,2018-09-09 23:38:41,0,13209,1.0
733,41724,AF00098,AAA9101098,84,115.87586,27.168409999999998,0,0,0,0,0,2018-09-09 23:38:42,0,13209,1.0
734,41725,AF00098,AAA9101098,84,115.87586,27.168409999999998,0,0,0,0,0,2018-09-09 23:38:43,0,13209,1.0
735,41726,AF00098,AAA9101098,84,115.87586,27.168409999999998,0,0,0,0,0,2018-09-09 23:38:44,0,13209,1.0
736,41727,AF00098,AAA9101098,84,115.87586,27.168409999999998,0,0,0,0,0,2018-09-09 23:38:45,0,13209,1.0
737,41728,AF00098,AAA9101098,84,115.87586,27.168409999999998,0,0,0,0,0,2018-09-09 23:38:46,0,13209,1.0
738,41729,AF00098,AAA9101098,84,115.87586,27.168409999999998,0,0,0,0,0,2018-09-09 23:38:47,0,13209,1.0
739,41730,AF00098,AAA9101098,84,115.87586,27.168409999999998,0,0,0,0,0,2018-09-09 23:38:48,0,13209,1.0
740,41731,AF00098,AAA9101098,84,115.87586,27.168409999999998,0,0,0,0,0,2018-09-09 23:38:49,0,13209,1.0
741,41732,AF00098,AAA9101098,84,115.87586,27.168409999999998,0,0,0,0,0,2018-09-09 23:38:50,0,13209,1.0
742,41733,AF00098,AAA9101098,84,115.87586,27.168409999999998,0,0,0,0,0,2018-09-09 23:38:51,0,13209,1.0
743,41734,AF00098,AAA9101098,84,115.87586,27.168409999999998,0,0,0,0,0,2018-09-09 23:38:52,0,13209,1.0
744,41735,AF00098,AAA9101098,84,115.87586,27.168409999999998,0,0,0,0,0,2018-09-09 23:38:53,0,13209,1.0
745,41736,AF00098,AAA9101098,84,115.87586,27.168409999999998,0,0,0,0,0,2018-09-09 23:38:54,0,13209,1.0
746,41737,AF00098,AAA9101098,84,115.87586,27.168409999999998,0,0,0,0,0,2018-09-09 23:38:55,0,13209,1.0
747,41738,AF00098,AAA9101098,84,115.87586,27.168409999999998,0,0,0,0,0,2018-09-09 23:38:56,0,13209,1.0
748,41739,AF00098,AAA9101098,84,115.87586,27.168409999999998,0,0,0,0,0,2018-09-09 23:38:57,0,13209,1.0
749,41740,AF00098,AAA9101098,84,115.87586,27.168409999999998,0,0,0,0,0,2018-09-09 23:38:58,0,13209,1.0
750,41741,AF00098,AAA9101098,84,115.87586,27.168409999999998,0,0,0,0,0,2018-09-09 23:38:59,0,13209,1.0
751,41742,AF00098,AAA9101098,84,115.87586,27.168409999999998,0,0,0,0,0,2018-09-09 23:39:00,0,13209,1.0
752,41743,AF00098,AAA9101098,84,115.87586,27.168409999999998,0,0,0,0,0,2018-09-09 23:39:01,0,13209,1.0
753,41744,AF00098,AAA9101098,84,115.87586,27.168409999999998,0,0,0,0,0,2018-09-09 23:39:02,0,13209,1.0
754,41745,AF00098,AAA9101098,84,115.87586,27.168409999999998,0,0,0,0,0,2018-09-09 23:39:03,0,13209,1.0
755,41746,AF00098,AAA9101098,84,115.87586,27.168409999999998,0,0,0,0,0,2018-09-09 23:39:04,0,13209,1.0
756,41747,AF00098,AAA9101098,84,115.87586,27.168409999999998,0,0,0,0,0,2018-09-09 23:39:05,0,13209,2.0
757,41748,AF00098,AAA9101098,84,115.87586,27.168409999999998,0,0,0,0,0,2018-09-09 23:39:07,0,13209,1.0
758,41749,AF00098,AAA9101098,84,115.87586,27.168409999999998,0,0,0,0,0,2018-09-09 23:39:08,0,13209,1.0
759,41750,AF00098,AAA9101098,84,115.87586,27.168409999999998,0,0,0,0,0,2018-09-09 23:39:09,0,13209,1.0
760,41751,AF00098,AAA9101098,84,115.87586,27.168409999999998,0,0,0,0,0,2018-09-09 23:39:10,0,13209,1.0
761,41752,AF00098,AAA9101098,84,115.87586,27.168409999999998,0,0,0,0,0,2018-09-09 23:39:11,0,13209,1.0
762,41753,AF00098,AAA9101098,84,115.87586,27.168409999999998,0,0,0,0,0,2018-09-09 23:39:12,0,13209,1.0
763,41754,AF00098,AAA9101098,84,115.87586,27.168409999999998,0,0,0,0,0,2018-09-09 23:39:13,0,13209,1.0
764,41755,AF00098,AAA9101098,84,115.87586,27.168409999999998,0,0,0,0,0,2018-09-09 23:39:14,0,13209,1.0
765,41756,AF00098,AAA9101098,84,115.87586,27.168409999999998,0,0,0,0,0,2018-09-09 23:39:15,0,13209,1.0
766,41757,AF00098,AAA9101098,84,115.87586,27.168409999999998,0,0,0,0,0,2018-09-09 23:39:16,0,13209,1.0
767,41758,AF00098,AAA9101098,84,115.87586,27.168409999999998,0,0,0,0,0,2018-09-09 23:39:17,0,13209,1.0
768,41759,AF00098,AAA9101098,84,115.87586,27.168409999999998,0,0,0,0,0,2018-09-09 23:39:18,0,13209,1.0
769,41760,AF00098,AAA9101098,84,115.87586,27.168409999999998,0,0,0,0,0,2018-09-09 23:39:19,0,13209,1.0
770,41761,AF00098,AAA9101098,84,115.87586,27.168409999999998,0,0,0,0,0,2018-09-09 23:39:20,0,13209,1.0
771,41762,AF00098,AAA9101098,84,115.87586,27.168409999999998,0,0,0,0,0,2018-09-09 23:39:21,0,13209,1.0
772,41763,AF00098,AAA9101098,84,115.87586,27.168409999999998,0,0,0,0,0,2018-09-09 23:39:22,0,13209,1.0
773,41764,AF00098,AAA9101098,84,115.87586,27.168409999999998,0,0,0,0,0,2018-09-09 23:39:23,0,13209,1.0
774,41765,AF00098,AAA9101098,84,115.87586,27.168409999999998,0,0,0,0,0,2018-09-09 23:39:24,0,13209,1.0
775,41766,AF00098,AAA9101098,84,115.87586,27.168409999999998,0,0,0,0,0,2018-09-09 23:39:25,0,13209,1.0
776,41767,AF00098,AAA9101098,84,115.87586,27.168409999999998,0,0,0,0,0,2018-09-09 23:39:26,0,13209,1.0
777,41768,AF00098,AAA9101098,84,115.87586,27.168409999999998,0,0,0,0,0,2018-09-09 23:39:27,0,13209,1.0
778,41769,AF00098,AAA9101098,84,115.87586,27.168409999999998,0,0,0,0,0,2018-09-09 23:39:28,0,13209,1.0
779,41770,AF00098,AAA9101098,84,115.87586,27.168409999999998,0,0,0,0,0,2018-09-09 23:39:29,0,13209,1.0
780,41771,AF00098,AAA9101098,84,115.87586,27.168409999999998,0,0,0,0,0,2018-09-09 23:39:30,0,13209,1.0
781,41772,AF00098,AAA9101098,84,115.87586,27.168409999999998,0,0,0,0,0,2018-09-09 23:39:31,0,13209,1.0
782,41773,AF00098,AAA9101098,84,115.87586,27.168409999999998,0,0,0,0,0,2018-09-09 23:39:32,0,13209,1.0
783,41774,AF00098,AAA9101098,84,115.87586,27.168409999999998,0,0,0,0,0,2018-09-09 23:39:33,0,13209,1.0
784,41775,AF00098,AAA9101098,84,115.87586,27.168409999999998,0,0,0,0,0,2018-09-09 23:39:34,0,13209,1.0
785,41776,AF00098,AAA9101098,84,115.87586,27.168409999999998,0,0,0,0,0,2018-09-09 23:39:35,0,13209,1.0
786,41777,AF00098,AAA9101098,84,115.87586,27.168409999999998,0,0,0,0,0,2018-09-09 23:39:36,0,13209,1.0
787,41778,AF00098,AAA9101098,84,115.87586,27.168409999999998,0,0,0,0,0,2018-09-09 23:39:37,0,13209,1.0
788,41779,AF00098,AAA9101098,84,115.87586,27.168409999999998,0,0,0,0,0,2018-09-09 23:39:38,0,13209,1.0
789,41780,AF00098,AAA9101098,84,115.87586,27.168409999999998,0,0,0,0,0,2018-09-09 23:39:39,0,13209,1.0
790,41781,AF00098,AAA9101098,84,115.87586,27.168409999999998,0,0,0,0,0,2018-09-09 23:39:40,0,13209,1.0
791,41782,AF00098,AAA9101098,84,115.87586,27.168409999999998,0,0,0,0,0,2018-09-09 23:39:41,0,13209,1.0
792,41783,AF00098,AAA9101098,84,115.87586,27.168409999999998,0,0,0,0,0,2018-09-09 23:39:42,0,13209,1.0
793,41784,AF00098,AAA9101098,84,115.87586,27.168409999999998,0,0,0,0,0,2018-09-09 23:39:43,0,13209,1.0
794,41785,AF00098,AAA9101098,84,115.87586,27.168409999999998,0,0,0,0,0,2018-09-09 23:39:44,0,13209,1.0
795,41786,AF00098,AAA9101098,84,115.87586,27.168409999999998,0,0,0,0,0,2018-09-09 23:39:45,0,13209,1.0
796,41787,AF00098,AAA9101098,84,115.87586,27.168409999999998,0,0,0,0,0,2018-09-09 23:39:46,0,13209,1.0
797,41788,AF00098,AAA9101098,84,115.87586,27.168409999999998,0,0,0,0,0,2018-09-09 23:39:47,0,13209,1.0
798,41789,AF00098,AAA9101098,84,115.87586,27.168409999999998,0,0,0,0,0,2018-09-09 23:39:48,0,13209,1.0
799,41790,AF00098,AAA9101098,84,115.87586,27.168409999999998,0,0,0,0,0,2018-09-09 23:39:49,0,13209,1.0
800,41791,AF00098,AAA9101098,84,115.87586,27.168409999999998,0,0,0,0,0,2018-09-09 23:39:50,0,13209,1.0
801,41792,AF00098,AAA9101098,84,115.87586,27.168409999999998,0,0,0,0,0,2018-09-09 23:39:51,0,13209,1.0
802,41793,AF00098,AAA9101098,84,115.87586,27.168409999999998,0,0,0,0,0,2018-09-09 23:39:52,0,13209,1.0
803,41794,AF00098,AAA9101098,84,115.87586,27.168409999999998,0,0,0,0,0,2018-09-09 23:39:53,0,13209,2.0
804,41795,AF00098,AAA9101098,84,115.87586,27.168409999999998,0,0,0,0,0,2018-09-09 23:39:55,0,13209,1.0
805,41796,AF00098,AAA9101098,84,115.87586,27.168409999999998,0,0,0,0,0,2018-09-09 23:39:56,0,13209,1.0
806,41797,AF00098,AAA9101098,84,115.87586,27.168409999999998,0,0,0,0,0,2018-09-09 23:39:57,0,13209,2.0
807,41798,AF00098,AAA9101098,84,115.87586,27.168409999999998,0,0,0,0,0,2018-09-09 23:39:59,0,13209,1.0
808,41799,AF00098,AAA9101098,84,115.87586,27.168409999999998,0,0,0,0,0,2018-09-09 23:40:00,0,13209,1.0
809,41800,AF00098,AAA9101098,84,115.87586,27.168409999999998,0,0,0,0,0,2018-09-09 23:40:01,0,13209,2535.0
