,location_time,Unnamed: 0,Unnamed: 0.1,Unnamed: 0.1.1,Unnamed: 0.1.1.1,vehicleplatenumber,device_num,direction_angle,lng,lat,acc_state,right_turn_signals,left_turn_signals,hand_brake,foot_brake,gps_speed,mileage,time_diff
0,2018-08-02 01:10:23,0,0,0,17310.0,AA00004,AAA9101004,116.0,115.87448446186544,29.512114197068435,1.0,0.0,0.0,0.0,0.0,0.0,5734.0,3.0
1,2018-08-02 01:10:24,1,1,1,,AA00004,AAA9101004,116.0,115.87448616416873,29.51211243676731,1.0,0.0,0.0,0.0,0.0,0.0,5734.0,
2,2018-08-02 01:10:25,2,2,2,,AA00004,AAA9101004,116.0,115.87448937566363,29.512109784306162,1.0,0.0,0.0,0.0,0.0,0.0,5734.0,
3,2018-08-02 01:10:26,3,3,3,17311.0,AA00004,AAA9101004,107.0,115.8744945359066,29.51210692753168,1.0,0.0,0.0,0.0,0.0,0.0,5734.0,2.0
4,2018-08-02 01:10:27,4,4,4,,AA00004,AAA9101004,107.0,115.87450254741101,29.512104431671133,1.0,0.0,0.0,0.0,0.0,0.0,5734.0,
5,2018-08-02 01:10:28,5,5,5,17312.0,AA00004,AAA9101004,110.0,115.87451237596687,29.512102833111054,1.0,0.0,0.0,0.0,0.0,0.0,5734.0,1.0
6,2018-08-02 01:10:29,6,6,6,17313.0,AA00004,AAA9101004,110.0,115.87452339241787,29.512102912621607,1.0,0.0,0.0,0.0,0.0,0.0,5734.0,1.0
7,2018-08-02 01:10:30,7,7,7,17314.0,AA00004,AAA9101004,110.0,115.87453556426833,29.51210502506622,1.0,0.0,0.0,0.0,0.0,0.0,5734.0,1.0
8,2018-08-02 01:10:31,8,8,8,17315.0,AA00004,AAA9101004,106.0,115.8745489560709,29.512109350056633,1.0,0.0,0.0,0.0,0.0,0.0,5734.0,1.0
9,2018-08-02 01:10:32,9,9,9,17316.0,AA00004,AAA9101004,106.0,115.87456316739298,29.51211634432478,1.0,0.0,0.0,0.0,0.0,0.0,5734.0,1.0
10,2018-08-02 01:10:33,10,10,10,17317.0,AA00004,AAA9101004,108.0,115.87457936400837,29.51212609225532,1.0,0.0,0.0,0.0,0.0,0.0,5734.0,1.0
11,2018-08-02 01:10:34,11,11,11,17318.0,AA00004,AAA9101004,105.0,115.87459922231399,29.51213710428806,1.0,0.0,0.0,0.0,0.0,0.0,5734.0,1.0
12,2018-08-02 01:10:35,12,12,12,17319.0,AA00004,AAA9101004,88.0,115.87462286305333,29.512148956087284,1.0,0.0,0.0,0.0,0.0,11.0,5734.0,1.0
13,2018-08-02 01:10:36,13,13,13,17320.0,AA00004,AAA9101004,72.0,115.87464825432257,29.51216259698796,1.0,0.0,0.0,0.0,0.0,11.0,5734.0,1.0
14,2018-08-02 01:10:37,14,14,14,17321.0,AA00004,AAA9101004,44.0,115.87467353303896,29.51217947267733,1.0,0.0,0.0,0.0,0.0,0.0,5734.0,1.0
15,2018-08-02 01:10:38,15,15,15,17322.0,AA00004,AAA9101004,36.0,115.8746974709216,29.51220012979011,1.0,0.0,0.0,0.0,0.0,12.0,5734.0,1.0
16,2018-08-02 01:10:39,16,16,16,17323.0,AA00004,AAA9101004,27.0,115.87471887276561,29.512224961431283,1.0,0.0,0.0,0.0,0.0,13.0,5734.0,1.0
17,2018-08-02 01:10:40,17,17,17,17324.0,AA00004,AAA9101004,23.0,115.87473738570398,29.512254408635343,1.0,0.0,0.0,0.0,0.0,14.0,5734.0,1.0
18,2018-08-02 01:10:41,18,18,18,17325.0,AA00004,AAA9101004,19.0,115.87475317187523,29.512288894885685,1.0,0.0,0.0,0.0,0.0,16.0,5734.0,1.0
19,2018-08-02 01:10:42,19,19,19,17326.0,AA00004,AAA9101004,16.0,115.8747670121091,29.512327858467085,1.0,0.0,0.0,0.0,0.0,17.0,5734.0,1.0
20,2018-08-02 01:10:43,20,20,20,17327.0,AA00004,AAA9101004,16.0,115.87477919794482,29.51237005351659,1.0,0.0,0.0,0.0,0.0,17.0,5734.0,1.0
21,2018-08-02 01:10:44,21,21,21,17328.0,AA00004,AAA9101004,12.0,115.87479013067062,29.512413275942475,1.0,0.0,0.0,0.0,0.0,16.0,5734.0,1.0
22,2018-08-02 01:10:45,22,22,22,17329.0,AA00004,AAA9101004,13.0,115.87480064797,29.512456644328836,1.0,0.0,0.0,0.0,0.0,15.0,5734.0,1.0
23,2018-08-02 01:10:46,23,23,23,17330.0,AA00004,AAA9101004,13.0,115.87481167178301,29.512500349569766,1.0,0.0,0.0,0.0,0.0,16.0,5734.0,1.0
24,2018-08-02 01:10:47,24,24,24,17331.0,AA00004,AAA9101004,14.0,115.87482433685469,29.51254475247808,1.0,0.0,0.0,0.0,0.0,17.0,5734.0,1.0
25,2018-08-02 01:10:48,25,25,25,17332.0,AA00004,AAA9101004,18.0,115.8748398054781,29.512589905144832,1.0,0.0,0.0,0.0,0.0,19.0,5734.0,1.0
26,2018-08-02 01:10:49,26,26,26,17333.0,AA00004,AAA9101004,21.0,115.87485921220295,29.512635750075646,1.0,0.0,0.0,0.0,0.0,19.0,5734.0,1.0
27,2018-08-02 01:10:50,27,27,27,17334.0,AA00004,AAA9101004,22.0,115.87488368626978,29.512682068499053,1.0,0.0,0.0,0.0,0.0,21.0,5734.0,1.0
28,2018-08-02 01:10:51,28,28,28,17335.0,AA00004,AAA9101004,29.0,115.87491438643397,29.512728651528015,1.0,0.0,0.0,0.0,0.0,23.0,5734.0,1.0
29,2018-08-02 01:10:52,29,29,29,17336.0,AA00004,AAA9101004,36.0,115.87495241131626,29.5127747661399,1.0,0.0,0.0,0.0,0.0,24.0,5734.0,1.0
30,2018-08-02 01:10:53,30,30,30,17337.0,AA00004,AAA9101004,42.0,115.87499795008758,29.51282009479012,1.0,0.0,0.0,0.0,0.0,25.0,5734.0,1.0
31,2018-08-02 01:10:54,31,31,31,17338.0,AA00004,AAA9101004,47.0,115.87505070436282,29.512864188221553,1.0,0.0,0.0,0.0,0.0,27.0,5734.0,1.0
32,2018-08-02 01:10:55,32,32,32,17339.0,AA00004,AAA9101004,50.0,115.87510989052068,29.512906651241828,1.0,0.0,0.0,0.0,0.0,29.0,5734.0,1.0
33,2018-08-02 01:10:56,33,33,33,17340.0,AA00004,AAA9101004,56.0,115.87517432912179,29.512947188143414,1.0,0.0,0.0,0.0,0.0,30.0,5734.0,1.0
34,2018-08-02 01:10:57,34,34,34,17341.0,AA00004,AAA9101004,60.0,115.87524177722958,29.51298563184331,1.0,0.0,0.0,0.0,0.0,30.0,5734.0,1.0
35,2018-08-02 01:10:58,35,35,35,17342.0,AA00004,AAA9101004,59.0,115.8753092271068,29.513022373194886,1.0,0.0,0.0,0.0,0.0,27.0,5734.0,1.0
36,2018-08-02 01:10:59,36,36,36,17343.0,AA00004,AAA9101004,61.0,115.87537403048316,29.513058275533652,1.0,0.0,0.0,0.0,0.0,26.0,5734.0,1.0
37,2018-08-02 01:11:00,37,37,37,17344.0,AA00004,AAA9101004,58.0,115.87543349465484,29.513095116149167,1.0,0.0,0.0,0.0,0.0,25.0,5734.0,1.0
38,2018-08-02 01:11:01,38,38,38,17345.0,AA00004,AAA9101004,50.0,115.87548462768963,29.513135456029865,1.0,0.0,0.0,0.0,0.0,24.0,5734.0,1.0
39,2018-08-02 01:11:02,39,39,39,17346.0,AA00004,AAA9101004,36.0,115.87552498278714,29.51318125406716,1.0,0.0,0.0,0.0,0.0,23.0,5734.0,1.0
40,2018-08-02 01:11:03,40,40,40,17347.0,AA00004,AAA9101004,19.0,115.87555350007374,29.513233219261135,1.0,0.0,0.0,0.0,0.0,23.0,5734.0,2.0
41,2018-08-02 01:11:04,41,41,41,,AA00004,AAA9101004,19.0,115.87557133058466,29.513290635584703,1.0,0.0,0.0,0.0,0.0,25.0,5734.0,
42,2018-08-02 01:11:05,42,42,42,17348.0,AA00004,AAA9101004,357.0,115.87558286078591,29.51335147577697,1.0,0.0,0.0,0.0,0.0,27.0,5734.0,1.0
43,2018-08-02 01:11:06,43,43,43,17349.0,AA00004,AAA9101004,352.0,115.87559123262245,29.51341463101878,1.0,0.0,0.0,0.0,0.0,26.0,5734.0,1.0
44,2018-08-02 01:11:07,44,44,44,17350.0,AA00004,AAA9101004,0.0,115.87560174536469,29.513478502952264,1.0,0.0,0.0,0.0,0.0,25.0,5734.0,1.0
45,2018-08-02 01:11:08,45,45,45,17351.0,AA00004,AAA9101004,13.0,115.87561917798975,29.51354079557576,1.0,0.0,0.0,0.0,0.0,24.0,5734.0,1.0
46,2018-08-02 01:11:09,46,46,46,17352.0,AA00004,AAA9101004,26.0,115.87564654097582,29.51360042406723,1.0,0.0,0.0,0.0,0.0,25.0,5734.0,1.0
47,2018-08-02 01:11:10,47,47,47,17353.0,AA00004,AAA9101004,36.0,115.8756847004616,29.51365709507033,1.0,0.0,0.0,0.0,0.0,27.0,5734.0,1.0
48,2018-08-02 01:11:11,48,48,48,17354.0,AA00004,AAA9101004,44.0,115.87573308739626,29.51371102745246,1.0,0.0,0.0,0.0,0.0,28.0,5734.0,1.0
49,2018-08-02 01:11:12,49,49,49,17355.0,AA00004,AAA9101004,46.0,115.87579053874082,29.513762375483463,1.0,0.0,0.0,0.0,0.0,31.0,5734.0,1.0
50,2018-08-02 01:11:13,50,50,50,17356.0,AA00004,AAA9101004,51.0,115.87585585135606,29.513810898612025,1.0,0.0,0.0,0.0,0.0,32.0,5734.0,1.0
51,2018-08-02 01:11:14,51,51,51,17357.0,AA00004,AAA9101004,54.0,115.87592781420253,29.513855973532223,1.0,0.0,0.0,0.0,0.0,31.0,5734.0,1.0
52,2018-08-02 01:11:15,52,52,52,17358.0,AA00004,AAA9101004,60.0,115.87600518187617,29.513896718169388,1.0,0.0,0.0,0.0,0.0,32.0,5734.0,1.0
53,2018-08-02 01:11:16,53,53,53,17359.0,AA00004,AAA9101004,61.0,115.87608652204976,29.513932520248474,1.0,0.0,0.0,0.0,0.0,30.0,5734.0,1.0
54,2018-08-02 01:11:17,54,54,54,17360.0,AA00004,AAA9101004,67.0,115.87617112543273,29.513963781437855,1.0,0.0,0.0,0.0,0.0,30.0,5734.0,1.0
55,2018-08-02 01:11:18,55,55,55,17361.0,AA00004,AAA9101004,68.0,115.87625873750832,29.513991293628933,1.0,0.0,0.0,0.0,0.0,30.0,5734.0,1.0
56,2018-08-02 01:11:19,56,56,56,17362.0,AA00004,AAA9101004,76.0,115.87634927226026,29.514016357284287,1.0,0.0,0.0,0.0,0.0,34.0,5734.0,1.0
57,2018-08-02 01:11:20,57,57,57,17363.0,AA00004,AAA9101004,73.0,115.87644177009282,29.51404088926326,1.0,0.0,0.0,0.0,0.0,33.0,5734.0,1.0
58,2018-08-02 01:11:21,58,58,58,17364.0,AA00004,AAA9101004,74.0,115.87653520446537,29.514067005833677,1.0,0.0,0.0,0.0,0.0,34.0,5734.0,1.0
59,2018-08-02 01:11:22,59,59,59,17365.0,AA00004,AAA9101004,70.0,115.87662875114277,29.514096303429344,1.0,0.0,0.0,0.0,0.0,34.0,5734.0,1.0
60,2018-08-02 01:11:23,60,60,60,17366.0,AA00004,AAA9101004,70.0,115.8767220948188,29.514130324465253,1.0,0.0,0.0,0.0,0.0,34.0,5734.0,1.0
61,2018-08-02 01:11:24,61,61,61,17367.0,AA00004,AAA9101004,64.0,115.87681524828278,29.514170573288485,1.0,0.0,0.0,0.0,0.0,36.0,5734.0,1.0
62,2018-08-02 01:11:25,62,62,62,17368.0,AA00004,AAA9101004,57.0,115.87690776323132,29.51421779281425,1.0,0.0,0.0,0.0,0.0,38.0,5734.0,1.0
63,2018-08-02 01:11:26,63,63,63,17369.0,AA00004,AAA9101004,50.0,115.87699977006567,29.51427162094295,1.0,0.0,0.0,0.0,0.0,37.0,5734.0,1.0
64,2018-08-02 01:11:27,64,64,64,17370.0,AA00004,AAA9101004,51.0,115.87709213192987,29.514330674224492,1.0,0.0,0.0,0.0,0.0,41.0,5734.0,1.0
65,2018-08-02 01:11:28,65,65,65,17371.0,AA00004,AAA9101004,51.0,115.87718445015093,29.514393463792025,1.0,0.0,0.0,0.0,0.0,43.0,5734.0,1.0
66,2018-08-02 01:11:29,66,66,66,17372.0,AA00004,AAA9101004,49.0,115.87727520909493,29.514458779770393,1.0,0.0,0.0,0.0,0.0,42.0,5734.0,1.0
67,2018-08-02 01:11:30,67,67,67,17373.0,AA00004,AAA9101004,49.0,115.87736282862296,29.514525582125597,1.0,0.0,0.0,0.0,0.0,41.0,5734.0,1.0
68,2018-08-02 01:11:31,68,68,68,17374.0,AA00004,AAA9101004,46.0,115.87744628933622,29.514593148471988,1.0,0.0,0.0,0.0,0.0,39.0,5734.0,1.0
69,2018-08-02 01:11:32,69,69,69,17375.0,AA00004,AAA9101004,41.0,115.87752611976026,29.51466119561481,1.0,0.0,0.0,0.0,0.0,36.0,5734.0,1.0
70,2018-08-02 01:11:33,70,70,70,17376.0,AA00004,AAA9101004,41.0,115.87760461712966,29.514729045030677,1.0,0.0,0.0,0.0,0.0,37.0,5734.0,1.0
71,2018-08-02 01:11:34,71,71,71,17377.0,AA00004,AAA9101004,41.0,115.87768444636768,29.514795803890717,1.0,0.0,0.0,0.0,0.0,38.0,5734.0,1.0
72,2018-08-02 01:11:35,72,72,72,17378.0,AA00004,AAA9101004,44.0,115.87776652669741,29.51486122819229,1.0,0.0,0.0,0.0,0.0,38.0,5734.0,1.0
73,2018-08-02 01:11:36,73,73,73,17379.0,AA00004,AAA9101004,45.0,115.87784972394243,29.514925511717404,1.0,0.0,0.0,0.0,0.0,40.0,5734.0,1.0
74,2018-08-02 01:11:37,74,74,74,17380.0,AA00004,AAA9101004,46.0,115.87793299414625,29.51498788677069,1.0,0.0,0.0,0.0,0.0,38.0,5734.0,1.0
75,2018-08-02 01:11:38,75,75,75,17381.0,AA00004,AAA9101004,51.0,115.87801554447589,29.515048083537927,1.0,0.0,0.0,0.0,0.0,37.0,5734.0,1.0
76,2018-08-02 01:11:39,76,76,76,17382.0,AA00004,AAA9101004,51.0,115.87809694123939,29.51510681690641,1.0,0.0,0.0,0.0,0.0,36.0,5734.0,1.0
77,2018-08-02 01:11:40,77,77,77,17383.0,AA00004,AAA9101004,50.0,115.87817769799061,29.515164781516756,1.0,0.0,0.0,0.0,0.0,35.0,5734.0,1.0
78,2018-08-02 01:11:41,78,78,78,17384.0,AA00004,AAA9101004,47.0,115.87825911909873,29.515222415855543,1.0,0.0,0.0,0.0,0.0,34.0,5734.0,1.0
79,2018-08-02 01:11:42,79,79,79,17385.0,AA00004,AAA9101004,51.0,115.87834237556639,29.515279927496255,1.0,0.0,0.0,0.0,0.0,36.0,5734.0,1.0
80,2018-08-02 01:11:43,80,80,80,17386.0,AA00004,AAA9101004,55.0,115.87842756462192,29.515337646613496,1.0,0.0,0.0,0.0,0.0,38.0,5734.0,1.0
81,2018-08-02 01:11:44,81,81,81,17387.0,AA00004,AAA9101004,55.0,115.87851334716261,29.515396120860075,1.0,0.0,0.0,0.0,0.0,37.0,5734.0,1.0
82,2018-08-02 01:11:45,82,82,82,17388.0,AA00004,AAA9101004,44.0,115.87859822410493,29.515455786935462,1.0,0.0,0.0,0.0,0.0,38.0,5734.0,1.0
83,2018-08-02 01:11:46,83,83,83,17389.0,AA00004,AAA9101004,47.0,115.87868174951547,29.515516099736864,1.0,0.0,0.0,0.0,0.0,39.0,5734.0,1.0
84,2018-08-02 01:11:47,84,84,84,17390.0,AA00004,AAA9101004,46.0,115.87876360368638,29.515576674246216,1.0,0.0,0.0,0.0,0.0,37.0,5734.0,1.0
85,2018-08-02 01:11:48,85,85,85,17391.0,AA00004,AAA9101004,52.0,115.87884376086565,29.515637478580235,1.0,0.0,0.0,0.0,0.0,36.0,5734.0,1.0
86,2018-08-02 01:11:49,86,86,86,17392.0,AA00004,AAA9101004,47.0,115.87892258114994,29.515699274847577,1.0,0.0,0.0,0.0,0.0,35.0,5734.0,1.0
87,2018-08-02 01:11:50,87,87,87,17393.0,AA00004,AAA9101004,47.0,115.87900098261923,29.51576279813559,1.0,0.0,0.0,0.0,0.0,36.0,5734.0,1.0
88,2018-08-02 01:11:51,88,88,88,17394.0,AA00004,AAA9101004,44.0,115.87907981806809,29.515828467678542,1.0,0.0,0.0,0.0,0.0,36.0,5734.0,1.0
89,2018-08-02 01:11:52,89,89,89,17395.0,AA00004,AAA9101004,46.0,115.87916024127439,29.51589584244504,1.0,0.0,0.0,0.0,0.0,37.0,5734.0,1.0
90,2018-08-02 01:11:53,90,90,90,17396.0,AA00004,AAA9101004,48.0,115.87924289310884,29.51596447896871,1.0,0.0,0.0,0.0,0.0,39.0,5734.0,1.0
91,2018-08-02 01:11:54,91,91,91,17397.0,AA00004,AAA9101004,49.0,115.87932811068724,29.516033956253462,1.0,0.0,0.0,0.0,0.0,40.0,5734.0,2.0
92,2018-08-02 01:11:55,92,92,92,,AA00004,AAA9101004,49.0,115.87941555745353,29.51610405355706,1.0,0.0,0.0,0.0,0.0,41.0,5734.0,
93,2018-08-02 01:11:56,93,93,93,17398.0,AA00004,AAA9101004,47.0,115.87950396535149,29.516174769645115,1.0,0.0,0.0,0.0,0.0,42.0,5734.0,1.0
94,2018-08-02 01:11:57,94,94,94,17399.0,AA00004,AAA9101004,45.0,115.87959230129819,29.516246188525677,1.0,0.0,0.0,0.0,0.0,41.0,5734.0,1.0
95,2018-08-02 01:11:58,95,95,95,17400.0,AA00004,AAA9101004,45.0,115.87967985157366,29.516317472435013,1.0,0.0,0.0,0.0,0.0,42.0,5734.0,1.0
96,2018-08-02 01:11:59,96,96,96,17401.0,AA00004,AAA9101004,45.0,115.879765472458,29.51638747982754,1.0,0.0,0.0,0.0,0.0,42.0,5734.0,1.0
97,2018-08-02 01:12:00,97,97,97,17402.0,AA00004,AAA9101004,45.0,115.87984766846024,29.516455347473332,1.0,0.0,0.0,0.0,0.0,39.0,5734.0,1.0
98,2018-08-02 01:12:01,98,98,98,17403.0,AA00004,AAA9101004,45.0,115.87992606489216,29.516520549498114,1.0,0.0,0.0,0.0,0.0,38.0,5734.0,1.0
99,2018-08-02 01:12:02,99,99,99,17404.0,AA00004,AAA9101004,48.0,115.88000040493343,29.51658251238555,1.0,0.0,0.0,0.0,0.0,36.0,5734.0,1.0
100,2018-08-02 01:12:03,100,100,100,17405.0,AA00004,AAA9101004,49.0,115.8800703878366,29.516640761910168,1.0,0.0,0.0,0.0,0.0,34.0,5734.0,1.0
101,2018-08-02 01:12:04,101,101,101,17406.0,AA00004,AAA9101004,44.0,115.8801356225276,29.51669493801694,1.0,0.0,0.0,0.0,0.0,31.0,5734.0,1.0
102,2018-08-02 01:12:05,102,102,102,17407.0,AA00004,AAA9101004,47.0,115.88019553728567,29.516744789984422,1.0,0.0,0.0,0.0,0.0,29.0,5734.0,1.0
103,2018-08-02 01:12:06,103,103,103,17408.0,AA00004,AAA9101004,44.0,115.88024853169361,29.516790261795048,1.0,0.0,0.0,0.0,0.0,26.0,5734.0,1.0
104,2018-08-02 01:12:07,104,104,104,17409.0,AA00004,AAA9101004,40.0,115.88029304632451,29.51683137073583,1.0,0.0,0.0,0.0,0.0,23.0,5734.0,1.0
105,2018-08-02 01:12:08,105,105,105,17410.0,AA00004,AAA9101004,35.0,115.88032876494758,29.516867333950003,1.0,0.0,0.0,0.0,0.0,19.0,5734.0,1.0
106,2018-08-02 01:12:09,106,106,106,17411.0,AA00004,AAA9101004,34.0,115.8803566695878,29.51689732711844,1.0,0.0,0.0,0.0,0.0,14.0,5734.0,1.0
107,2018-08-02 01:12:10,107,107,107,17412.0,AA00004,AAA9101004,37.0,115.88037870584769,29.516920731821486,1.0,0.0,0.0,0.0,0.0,10.0,5734.0,1.0
108,2018-08-02 01:12:11,108,108,108,17413.0,AA00004,AAA9101004,40.0,115.88039698655078,29.51693739189198,1.0,0.0,0.0,0.0,0.0,0.0,5734.0,1.0
109,2018-08-02 01:12:12,109,109,109,17414.0,AA00004,AAA9101004,54.0,115.88041311219519,29.51694739235821,1.0,0.0,0.0,0.0,0.0,0.0,5734.0,1.0
110,2018-08-02 01:12:13,110,110,110,17415.0,AA00004,AAA9101004,101.0,115.88042807105934,29.51695129821092,1.0,0.0,0.0,0.0,0.0,0.0,5734.0,1.0
111,2018-08-02 01:12:14,111,111,111,17416.0,AA00004,AAA9101004,104.0,115.88044160669659,29.51695052989147,1.0,0.0,0.0,0.0,0.0,0.0,5734.0,1.0
112,2018-08-02 01:12:15,112,112,112,17417.0,AA00004,AAA9101004,118.0,115.88045316130471,29.51694632916035,1.0,0.0,0.0,0.0,0.0,0.0,5734.0,1.0
113,2018-08-02 01:12:16,113,113,113,17418.0,AA00004,AAA9101004,144.0,115.88046220673833,29.516939783680616,1.0,0.0,0.0,0.0,0.0,0.0,5734.0,1.0
114,2018-08-02 01:12:17,114,114,114,17419.0,AA00004,AAA9101004,143.0,115.88046876598675,29.5169316975937,1.0,0.0,0.0,0.0,0.0,0.0,5734.0,1.0
115,2018-08-02 01:12:18,115,115,115,17420.0,AA00004,AAA9101004,151.0,115.88047315403185,29.516922687047234,1.0,0.0,0.0,0.0,0.0,0.0,5734.0,1.0
116,2018-08-02 01:12:19,116,116,116,17421.0,AA00004,AAA9101004,162.0,115.88047630615681,29.51691305895977,1.0,0.0,0.0,0.0,0.0,0.0,5734.0,1.0
117,2018-08-02 01:12:20,117,117,117,17422.0,AA00004,AAA9101004,162.0,115.88047924088836,29.516903291011936,1.0,0.0,0.0,0.0,0.0,0.0,5734.0,1.0
118,2018-08-02 01:12:21,118,118,118,17423.0,AA00004,AAA9101004,162.0,115.88048264774314,29.516892932319188,1.0,0.0,0.0,0.0,0.0,0.0,5734.0,1.0
119,2018-08-02 01:12:22,119,119,119,17424.0,AA00004,AAA9101004,147.0,115.8804870695076,29.51688151553123,1.0,0.0,0.0,0.0,0.0,0.0,5734.0,1.0
120,2018-08-02 01:12:23,120,120,120,17425.0,AA00004,AAA9101004,147.0,115.88049294655202,29.516868455481248,1.0,0.0,0.0,0.0,0.0,0.0,5734.0,1.0
121,2018-08-02 01:12:24,121,121,121,17426.0,AA00004,AAA9101004,173.0,115.88050117545056,29.516853187505678,1.0,0.0,0.0,0.0,0.0,0.0,5735.0,1.0
122,2018-08-02 01:12:25,122,122,122,17427.0,AA00004,AAA9101004,145.0,115.88051264455297,29.51683583506632,1.0,0.0,0.0,0.0,0.0,0.0,5735.0,1.0
123,2018-08-02 01:12:26,123,123,123,17428.0,AA00004,AAA9101004,146.0,115.88052699895287,29.516816730822807,1.0,0.0,0.0,0.0,0.0,0.0,5735.0,1.0
124,2018-08-02 01:12:27,124,124,124,17429.0,AA00004,AAA9101004,147.0,115.88054353329463,29.516796395160984,1.0,0.0,0.0,0.0,0.0,0.0,5735.0,1.0
125,2018-08-02 01:12:28,125,125,125,17430.0,AA00004,AAA9101004,151.0,115.88056116504507,29.516775654797346,1.0,0.0,0.0,0.0,0.0,10.0,5735.0,1.0
126,2018-08-02 01:12:29,126,126,126,17431.0,AA00004,AAA9101004,156.0,115.88057963549474,29.516755734102833,1.0,0.0,0.0,0.0,0.0,0.0,5735.0,1.0
127,2018-08-02 01:12:30,127,127,127,17432.0,AA00004,AAA9101004,137.0,115.88059938039038,29.51673824738631,1.0,0.0,0.0,0.0,0.0,0.0,5735.0,1.0
128,2018-08-02 01:12:31,128,128,128,17433.0,AA00004,AAA9101004,114.0,115.88062005661803,29.516723911267913,1.0,0.0,0.0,0.0,0.0,0.0,5735.0,1.0
129,2018-08-02 01:12:32,129,129,129,17434.0,AA00004,AAA9101004,103.0,115.8806402742029,29.516713221169393,1.0,0.0,0.0,0.0,0.0,0.0,5735.0,1.0
130,2018-08-02 01:12:33,130,130,130,17435.0,AA00004,AAA9101004,103.0,115.88065869304813,29.516706755079102,1.0,0.0,0.0,0.0,0.0,0.0,5735.0,1.0
131,2018-08-02 01:12:34,131,131,131,17436.0,AA00004,AAA9101004,103.0,115.88067551621715,29.51670525622785,1.0,0.0,0.0,0.0,0.0,0.0,5735.0,1.0
132,2018-08-02 01:12:35,132,132,132,17437.0,AA00004,AAA9101004,38.0,115.88069119970521,29.51670744829558,1.0,0.0,0.0,0.0,0.0,0.0,5735.0,1.0
133,2018-08-02 01:12:36,133,133,133,17438.0,AA00004,AAA9101004,41.0,115.88070437453358,29.516711033254104,1.0,0.0,0.0,0.0,0.0,0.0,5735.0,1.0
134,2018-08-02 01:12:37,134,134,134,17439.0,AA00004,AAA9101004,41.0,115.88071469350997,29.516714464167766,1.0,0.0,0.0,0.0,0.0,0.0,5735.0,1.0
135,2018-08-02 01:12:38,135,135,135,17440.0,AA00004,AAA9101004,41.0,115.88072203102443,29.516717714142544,1.0,0.0,0.0,0.0,0.0,0.0,5735.0,1.0
136,2018-08-02 01:12:39,136,136,136,17441.0,AA00004,AAA9101004,41.0,115.88072596952192,29.51672038060424,1.0,0.0,0.0,0.0,0.0,0.0,5735.0,1.0
137,2018-08-02 01:12:40,137,137,137,17442.0,AA00004,AAA9101004,41.0,115.88072738423388,29.516722809108245,1.0,0.0,0.0,0.0,0.0,0.0,5735.0,1.0
138,2018-08-02 01:12:41,138,138,138,17443.0,AA00004,AAA9101004,41.0,115.88072703423022,29.516725419891753,1.0,0.0,0.0,0.0,0.0,0.0,5735.0,1.0
139,2018-08-02 01:12:42,139,139,139,17444.0,AA00004,AAA9101004,41.0,115.88072515044279,29.516728121519936,1.0,0.0,0.0,0.0,0.0,0.0,5735.0,1.0
140,2018-08-02 01:12:43,140,140,140,17445.0,AA00004,AAA9101004,41.0,115.88072210752384,29.51673106486702,1.0,0.0,0.0,0.0,0.0,0.0,5735.0,2.0
141,2018-08-02 01:12:44,141,141,141,,AA00004,AAA9101004,41.0,115.88071836036288,29.516734473770615,1.0,0.0,0.0,0.0,0.0,0.0,5735.0,
142,2018-08-02 01:12:45,142,142,142,17446.0,AA00004,AAA9101004,41.0,115.88071406849897,29.516737755039884,1.0,0.0,0.0,0.0,0.0,0.0,5735.0,1.0
143,2018-08-02 01:12:46,143,143,143,17447.0,AA00004,AAA9101004,41.0,115.88070917948193,29.516740230639012,1.0,0.0,0.0,0.0,0.0,0.0,5735.0,1.0
144,2018-08-02 01:12:47,144,144,144,17448.0,AA00004,AAA9101004,236.0,115.88070391528856,29.51674187052453,1.0,0.0,0.0,0.0,0.0,0.0,5735.0,1.0
145,2018-08-02 01:12:48,145,145,145,17449.0,AA00004,AAA9101004,236.0,115.8806989127713,29.516743127562382,1.0,0.0,0.0,0.0,0.0,0.0,5735.0,1.0
146,2018-08-02 01:12:49,146,146,146,17450.0,AA00004,AAA9101004,236.0,115.88069465100489,29.516744526085276,1.0,0.0,0.0,0.0,0.0,0.0,5735.0,1.0
147,2018-08-02 01:12:50,147,147,147,17451.0,AA00004,AAA9101004,236.0,115.88069104615609,29.51674587162873,1.0,0.0,0.0,0.0,0.0,0.0,5735.0,1.0
148,2018-08-02 01:12:51,148,148,148,17452.0,AA00004,AAA9101004,236.0,115.88068783282539,29.516746959900377,1.0,0.0,0.0,0.0,0.0,0.0,5735.0,1.0
149,2018-08-02 01:12:52,149,149,149,17453.0,AA00004,AAA9101004,236.0,115.88068466108294,29.51674738291321,1.0,0.0,0.0,0.0,0.0,0.0,5735.0,1.0
150,2018-08-02 01:12:53,150,150,150,17454.0,AA00004,AAA9101004,236.0,115.88068127044725,29.516746596298965,1.0,0.0,0.0,0.0,0.0,0.0,5735.0,1.0
151,2018-08-02 01:12:54,151,151,151,17455.0,AA00004,AAA9101004,236.0,115.8806773933974,29.51674451696075,1.0,0.0,0.0,0.0,0.0,0.0,5735.0,1.0
152,2018-08-02 01:12:55,152,152,152,17456.0,AA00004,AAA9101004,236.0,115.88067299395756,29.516741755609157,1.0,0.0,0.0,0.0,0.0,0.0,5735.0,1.0
153,2018-08-02 01:12:56,153,153,153,17457.0,AA00004,AAA9101004,236.0,115.88066787753228,29.516738962743265,1.0,0.0,0.0,0.0,0.0,0.0,5735.0,1.0
154,2018-08-02 01:12:57,154,154,154,17458.0,AA00004,AAA9101004,236.0,115.88066201945468,29.516736430964407,1.0,0.0,0.0,0.0,0.0,0.0,5735.0,1.0
155,2018-08-02 01:12:58,155,155,155,17459.0,AA00004,AAA9101004,236.0,115.88065559465026,29.516734259031907,1.0,0.0,0.0,0.0,0.0,0.0,5735.0,1.0
156,2018-08-02 01:12:59,156,156,156,17460.0,AA00004,AAA9101004,236.0,115.8806486790899,29.516732656398794,1.0,0.0,0.0,0.0,0.0,0.0,5735.0,1.0
157,2018-08-02 01:13:00,157,157,157,17461.0,AA00004,AAA9101004,236.0,115.8806412431317,29.51673179023996,1.0,0.0,0.0,0.0,0.0,0.0,5735.0,1.0
158,2018-08-02 01:13:01,158,158,158,17462.0,AA00004,AAA9101004,236.0,115.880634394378,29.516731433151346,1.0,0.0,0.0,0.0,0.0,0.0,5735.0,1.0
159,2018-08-02 01:13:02,159,159,159,17463.0,AA00004,AAA9101004,236.0,115.88062853793865,29.516731476869342,1.0,0.0,0.0,0.0,0.0,0.0,5735.0,1.0
160,2018-08-02 01:13:03,160,160,160,17464.0,AA00004,AAA9101004,236.0,115.88062339421296,29.516732086015075,1.0,0.0,0.0,0.0,0.0,0.0,5735.0,1.0
161,2018-08-02 01:13:04,161,161,161,17465.0,AA00004,AAA9101004,236.0,115.88061811786488,29.516733831659376,1.0,0.0,0.0,0.0,0.0,0.0,5735.0,1.0
162,2018-08-02 01:13:05,162,162,162,17466.0,AA00004,AAA9101004,236.0,115.88061143397685,29.516737557333133,1.0,0.0,0.0,0.0,0.0,0.0,5735.0,1.0
163,2018-08-02 01:13:06,163,163,163,17467.0,AA00004,AAA9101004,236.0,115.8806017176142,29.516744248565207,1.0,0.0,0.0,0.0,0.0,0.0,5735.0,1.0
164,2018-08-02 01:13:07,164,164,164,17468.0,AA00004,AAA9101004,317.0,115.88058872068885,29.51675404621938,1.0,0.0,0.0,0.0,0.0,0.0,5735.0,1.0
165,2018-08-02 01:13:08,165,165,165,17469.0,AA00004,AAA9101004,327.0,115.88057649045263,29.516764128208617,1.0,0.0,0.0,0.0,0.0,0.0,5735.0,1.0
166,2018-08-02 01:13:09,166,166,166,17470.0,AA00004,AAA9101004,352.0,115.88056700756194,29.516772396372044,1.0,0.0,0.0,0.0,0.0,0.0,5735.0,1.0
167,2018-08-02 01:13:10,167,167,167,17471.0,AA00004,AAA9101004,352.0,115.88056007704597,29.516777799328683,1.0,0.0,0.0,0.0,0.0,0.0,5735.0,1.0
168,2018-08-02 01:13:11,168,168,168,17472.0,AA00004,AAA9101004,352.0,115.88055502298602,29.516780452288465,1.0,0.0,0.0,0.0,0.0,0.0,5735.0,1.0
169,2018-08-02 01:13:12,169,169,169,17473.0,AA00004,AAA9101004,352.0,115.8805511953312,29.51678110312879,1.0,0.0,0.0,0.0,0.0,0.0,5735.0,1.0
170,2018-08-02 01:13:13,170,170,170,17474.0,AA00004,AAA9101004,352.0,115.88054830908563,29.51678057295847,1.0,0.0,0.0,0.0,0.0,0.0,5735.0,1.0
171,2018-08-02 01:13:14,171,171,171,17475.0,AA00004,AAA9101004,352.0,115.88054652019538,29.516779302374683,1.0,0.0,0.0,0.0,0.0,0.0,5735.0,1.0
172,2018-08-02 01:13:15,172,172,172,17476.0,AA00004,AAA9101004,352.0,115.88054607950407,29.516777158819522,1.0,0.0,0.0,0.0,0.0,0.0,5735.0,1.0
173,2018-08-02 01:13:16,173,173,173,17477.0,AA00004,AAA9101004,352.0,115.88054702785335,29.5167739084776,1.0,0.0,0.0,0.0,0.0,0.0,5735.0,1.0
174,2018-08-02 01:13:17,174,174,174,17478.0,AA00004,AAA9101004,154.0,115.88054928337495,29.516769889704413,1.0,0.0,0.0,0.0,0.0,0.0,5735.0,1.0
175,2018-08-02 01:13:18,175,175,175,17479.0,AA00004,AAA9101004,146.0,115.88055218196178,29.516765667320048,1.0,0.0,0.0,0.0,0.0,0.0,5735.0,1.0
176,2018-08-02 01:13:19,176,176,176,17480.0,AA00004,AAA9101004,146.0,115.88055436357911,29.51676168727293,1.0,0.0,0.0,0.0,0.0,0.0,5735.0,1.0
177,2018-08-02 01:13:20,177,177,177,17481.0,AA00004,AAA9101004,146.0,115.88055533755546,29.5167582876114,1.0,0.0,0.0,0.0,0.0,0.0,5735.0,1.0
178,2018-08-02 01:13:21,178,178,178,17482.0,AA00004,AAA9101004,146.0,115.88055517090041,29.516755580980604,1.0,0.0,0.0,0.0,0.0,0.0,5735.0,1.0
179,2018-08-02 01:13:22,179,179,179,17483.0,AA00004,AAA9101004,146.0,115.88055414253569,29.516753378775974,1.0,0.0,0.0,0.0,0.0,0.0,5735.0,1.0
180,2018-08-02 01:13:23,180,180,180,17484.0,AA00004,AAA9101004,146.0,115.8805529702629,29.516751697917496,1.0,0.0,0.0,0.0,0.0,0.0,5735.0,1.0
181,2018-08-02 01:13:24,181,181,181,17485.0,AA00004,AAA9101004,146.0,115.88055260971181,29.516750773162244,1.0,0.0,0.0,0.0,0.0,0.0,5735.0,1.0
182,2018-08-02 01:13:25,182,182,182,17486.0,AA00004,AAA9101004,146.0,115.88055371073361,29.51675004213151,1.0,0.0,0.0,0.0,0.0,0.0,5735.0,1.0
183,2018-08-02 01:13:26,183,183,183,17487.0,AA00004,AAA9101004,146.0,115.88055522477977,29.516748794917774,1.0,0.0,0.0,0.0,0.0,0.0,5735.0,1.0
184,2018-08-02 01:13:27,184,184,184,17488.0,AA00004,AAA9101004,146.0,115.88055671510328,29.51674705581717,1.0,0.0,0.0,0.0,0.0,0.0,5735.0,1.0
185,2018-08-02 01:13:28,185,185,185,17489.0,AA00004,AAA9101004,146.0,115.88055776637036,29.51674504295546,1.0,0.0,0.0,0.0,0.0,0.0,5735.0,1.0
186,2018-08-02 01:13:29,186,186,186,17490.0,AA00004,AAA9101004,146.0,115.88055815473871,29.516743149780176,1.0,0.0,0.0,0.0,0.0,0.0,5735.0,1.0
187,2018-08-02 01:13:30,187,187,187,17491.0,AA00004,AAA9101004,146.0,115.88055805037143,29.51674182511074,1.0,0.0,0.0,0.0,0.0,0.0,5735.0,1.0
188,2018-08-02 01:13:31,188,188,188,17492.0,AA00004,AAA9101004,146.0,115.88055797905442,29.516741132166107,1.0,0.0,0.0,0.0,0.0,0.0,5735.0,2.0
189,2018-08-02 01:13:32,189,189,189,,AA00004,AAA9101004,146.0,115.88055840877925,29.516740890317116,1.0,0.0,0.0,0.0,0.0,0.0,5735.0,
190,2018-08-02 01:13:33,190,190,190,17493.0,AA00004,AAA9101004,146.0,115.88055904648517,29.51674084051588,1.0,0.0,0.0,0.0,0.0,0.0,5735.0,1.0
191,2018-08-02 01:13:34,191,191,191,17494.0,AA00004,AAA9101004,146.0,115.88055958211903,29.516740798261974,1.0,0.0,0.0,0.0,0.0,0.0,5735.0,1.0
192,2018-08-02 01:13:35,192,192,192,17495.0,AA00004,AAA9101004,146.0,115.88056001763815,29.516740663943306,1.0,0.0,0.0,0.0,0.0,0.0,5735.0,1.0
193,2018-08-02 01:13:36,193,193,193,17496.0,AA00004,AAA9101004,146.0,115.88056049273304,29.516740347440763,1.0,0.0,0.0,0.0,0.0,0.0,5735.0,1.0
194,2018-08-02 01:13:37,194,194,194,17497.0,AA00004,AAA9101004,146.0,115.88056119408147,29.516739740207395,1.0,0.0,0.0,0.0,0.0,0.0,5735.0,1.0
195,2018-08-02 01:13:38,195,195,195,17498.0,AA00004,AAA9101004,146.0,115.88056228241962,29.516738784547094,1.0,0.0,0.0,0.0,0.0,0.0,5735.0,1.0
196,2018-08-02 01:13:39,196,196,196,17499.0,AA00004,AAA9101004,146.0,115.88056368500612,29.516737739377945,1.0,0.0,0.0,0.0,0.0,0.0,5735.0,1.0
197,2018-08-02 01:13:40,197,197,197,17500.0,AA00004,AAA9101004,146.0,115.88056474805457,29.516737552783628,1.0,0.0,0.0,0.0,0.0,0.0,5735.0,1.0
198,2018-08-02 01:13:41,198,198,198,17501.0,AA00004,AAA9101004,146.0,115.88056538352511,29.516738120921918,1.0,0.0,0.0,0.0,0.0,0.0,5735.0,1.0
199,2018-08-02 01:13:42,199,199,199,17502.0,AA00004,AAA9101004,146.0,115.88056571785576,29.516739156775177,1.0,0.0,0.0,0.0,0.0,0.0,5735.0,1.0
200,2018-08-02 01:13:43,200,200,200,17503.0,AA00004,AAA9101004,146.0,115.88056588360003,29.516739999680198,1.0,0.0,0.0,0.0,0.0,0.0,5735.0,1.0
201,2018-08-02 01:13:44,201,201,201,17504.0,AA00004,AAA9101004,146.0,115.88056597117432,29.516740531891738,1.0,0.0,0.0,0.0,0.0,0.0,5735.0,1.0
202,2018-08-02 01:13:45,202,202,202,17505.0,AA00004,AAA9101004,146.0,115.88056603937441,29.516740855791934,1.0,0.0,0.0,0.0,0.0,0.0,5735.0,1.0
203,2018-08-02 01:13:46,203,203,203,17506.0,AA00004,AAA9101004,146.0,115.88056613943832,29.516741114183173,1.0,0.0,0.0,0.0,0.0,0.0,5735.0,1.0
204,2018-08-02 01:13:47,204,204,204,17507.0,AA00004,AAA9101004,146.0,115.88056634364968,29.516741466111615,1.0,0.0,0.0,0.0,0.0,0.0,5735.0,1.0
205,2018-08-02 01:13:48,205,205,205,17508.0,AA00004,AAA9101004,146.0,115.88056678170967,29.51674213312859,1.0,0.0,0.0,0.0,0.0,0.0,5735.0,1.0
206,2018-08-02 01:13:49,206,206,206,17509.0,AA00004,AAA9101004,146.0,115.8805676827281,29.516743467877653,1.0,0.0,0.0,0.0,0.0,0.0,5735.0,1.0
207,2018-08-02 01:13:50,207,207,207,17510.0,AA00004,AAA9101004,146.0,115.88056938500735,29.516745975256473,1.0,0.0,0.0,0.0,0.0,0.0,5735.0,1.0
208,2018-08-02 01:13:51,208,208,208,17511.0,AA00004,AAA9101004,146.0,115.88057217488165,29.516750079637113,1.0,0.0,0.0,0.0,0.0,0.0,5735.0,1.0
209,2018-08-02 01:13:52,209,209,209,17512.0,AA00004,AAA9101004,146.0,115.88057565865878,29.516755203466953,0.0,0.0,0.0,0.0,0.0,0.0,5735.0,1.0
210,2018-08-02 01:13:53,210,210,210,17513.0,AA00004,AAA9101004,146.0,115.88057771562954,29.5167582286372,0.0,0.0,0.0,0.0,0.0,0.0,5735.0,28333.0
