,location_time,Unnamed: 0,Unnamed: 0.1,Unnamed: 0.1.1,vehicleplatenumber,device_num,direction_angle,lng,lat,acc_state,right_turn_signals,left_turn_signals,hand_brake,foot_brake,gps_speed,mileage,time_diff
0,2018-08-07 10:31:14,0,0,51778.0,AA00004,AAA9101004,0.0,115.898326,28.70113,1.0,0.0,0.0,0.0,0.0,0.0,6154.0,3.0
1,2018-08-07 10:31:15,1,1,,AA00004,AAA9101004,0.0,115.898326,28.70113,1.0,0.0,0.0,0.0,0.0,0.0,6154.0,
2,2018-08-07 10:31:16,2,2,,AA00004,AAA9101004,0.0,115.898326,28.70113,1.0,0.0,0.0,0.0,0.0,0.0,6154.0,
3,2018-08-07 10:31:17,3,3,51779.0,AA00004,AAA9101004,0.0,115.898326,28.70113,1.0,0.0,0.0,0.0,0.0,0.0,6154.0,1.0
4,2018-08-07 10:31:18,4,4,51780.0,AA00004,AAA9101004,0.0,115.898326,28.70113,1.0,0.0,0.0,0.0,0.0,0.0,6154.0,1.0
5,2018-08-07 10:31:19,5,5,51781.0,AA00004,AAA9101004,0.0,115.898326,28.70113,1.0,0.0,0.0,0.0,0.0,0.0,6154.0,1.0
6,2018-08-07 10:31:20,6,6,51782.0,AA00004,AAA9101004,0.0,115.898326,28.70113,1.0,0.0,0.0,0.0,0.0,0.0,6154.0,1.0
7,2018-08-07 10:31:21,7,7,51783.0,AA00004,AAA9101004,0.0,115.898326,28.70113,1.0,0.0,0.0,0.0,0.0,0.0,6154.0,1.0
8,2018-08-07 10:31:22,8,8,51784.0,AA00004,AAA9101004,0.0,115.898326,28.70113,1.0,0.0,0.0,0.0,0.0,0.0,6154.0,1.0
9,2018-08-07 10:31:23,9,9,51785.0,AA00004,AAA9101004,0.0,115.898326,28.70113,1.0,0.0,0.0,0.0,0.0,0.0,6154.0,1.0
10,2018-08-07 10:31:24,10,10,51786.0,AA00004,AAA9101004,0.0,115.898326,28.70113,1.0,0.0,0.0,0.0,0.0,0.0,6154.0,1.0
11,2018-08-07 10:31:25,11,11,51787.0,AA00004,AAA9101004,0.0,115.898326,28.70113,1.0,0.0,0.0,0.0,0.0,0.0,6154.0,1.0
12,2018-08-07 10:31:26,12,12,51788.0,AA00004,AAA9101004,0.0,115.898326,28.70113,1.0,0.0,0.0,0.0,0.0,0.0,6154.0,1.0
13,2018-08-07 10:31:27,13,13,51789.0,AA00004,AAA9101004,0.0,115.898326,28.70113,1.0,0.0,0.0,0.0,0.0,0.0,6154.0,1.0
14,2018-08-07 10:31:28,14,14,51790.0,AA00004,AAA9101004,0.0,115.898326,28.701130000000003,1.0,0.0,0.0,0.0,0.0,0.0,6154.0,1.0
15,2018-08-07 10:31:29,15,15,51791.0,AA00004,AAA9101004,0.0,115.898326,28.701130000000006,1.0,0.0,0.0,0.0,0.0,0.0,6154.0,1.0
16,2018-08-07 10:31:30,16,16,51792.0,AA00004,AAA9101004,0.0,115.89832599999998,28.701130000000024,1.0,0.0,0.0,0.0,0.0,0.0,6154.0,1.0
17,2018-08-07 10:31:31,17,17,51793.0,AA00004,AAA9101004,0.0,115.89832599999994,28.701130000000056,1.0,0.0,0.0,0.0,0.0,0.0,6154.0,1.0
18,2018-08-07 10:31:32,18,18,51794.0,AA00004,AAA9101004,0.0,115.89832599999987,28.70113000000015,1.0,0.0,0.0,0.0,0.0,0.0,6154.0,1.0
19,2018-08-07 10:31:33,19,19,51795.0,AA00004,AAA9101004,0.0,115.89832599999967,28.70113000000039,1.0,0.0,0.0,0.0,0.0,0.0,6154.0,1.0
20,2018-08-07 10:31:34,20,20,51796.0,AA00004,AAA9101004,0.0,115.89832599999914,28.701130000001054,1.0,0.0,0.0,0.0,0.0,0.0,6154.0,1.0
21,2018-08-07 10:31:35,21,21,51797.0,AA00004,AAA9101004,0.0,115.89832599999775,28.70113000000279,1.0,0.0,0.0,0.0,0.0,0.0,6154.0,1.0
22,2018-08-07 10:31:36,22,22,51798.0,AA00004,AAA9101004,0.0,115.89832599999413,28.701130000007236,1.0,0.0,0.0,0.0,0.0,0.0,6154.0,1.0
23,2018-08-07 10:31:37,23,23,51799.0,AA00004,AAA9101004,0.0,115.89832599998515,28.701130000018274,1.0,0.0,0.0,0.0,0.0,0.0,6154.0,1.0
24,2018-08-07 10:31:38,24,24,51800.0,AA00004,AAA9101004,0.0,115.89832599996387,28.701130000044447,1.0,0.0,0.0,0.0,0.0,0.0,6154.0,3.0
25,2018-08-07 10:31:39,25,25,,AA00004,AAA9101004,0.0,115.8983259999172,28.70113000010194,1.0,0.0,0.0,0.0,0.0,0.0,6154.0,
26,2018-08-07 10:31:40,26,26,,AA00004,AAA9101004,0.0,115.89832599982881,28.70113000021079,1.0,0.0,0.0,0.0,0.0,0.0,6154.0,
27,2018-08-07 10:31:41,27,27,51801.0,AA00004,AAA9101004,0.0,115.89832599962685,28.7011300004595,1.0,0.0,0.0,0.0,0.0,0.0,6154.0,1.0
28,2018-08-07 10:31:42,28,28,51802.0,AA00004,AAA9101004,0.0,115.898325999088,28.701130001123072,1.0,0.0,0.0,0.0,0.0,0.0,6154.0,3.0
29,2018-08-07 10:31:43,29,29,,AA00004,AAA9101004,0.0,115.89832599775762,28.70113000276138,1.0,0.0,0.0,0.0,0.0,0.0,6154.0,
30,2018-08-07 10:31:44,30,30,,AA00004,AAA9101004,0.0,115.89832599470151,28.701130006525005,1.0,0.0,0.0,0.0,0.0,0.0,6154.0,
31,2018-08-07 10:31:45,31,31,51803.0,AA00004,AAA9101004,0.0,115.89832598668453,28.701130016398253,1.0,0.0,0.0,0.0,0.0,0.0,6154.0,1.0
32,2018-08-07 10:31:46,32,32,51804.0,AA00004,AAA9101004,0.0,115.89832596385698,28.701130044511633,1.0,0.0,0.0,0.0,0.0,0.0,6154.0,1.0
33,2018-08-07 10:31:47,33,33,51805.0,AA00004,AAA9101004,0.0,115.89832590061386,28.701130122400286,1.0,0.0,0.0,0.0,0.0,0.0,6154.0,1.0
34,2018-08-07 10:31:48,34,34,51806.0,AA00004,AAA9101004,0.0,115.89832572800833,28.701130334981652,1.0,0.0,0.0,0.0,0.0,0.0,6154.0,1.0
35,2018-08-07 10:31:49,35,35,51807.0,AA00004,AAA9101004,0.0,115.89832526267884,28.70113090809822,1.0,0.0,0.0,0.0,0.0,0.0,6154.0,1.0
36,2018-08-07 10:31:50,36,36,51808.0,AA00004,AAA9101004,0.0,115.89832402581402,28.701132431518356,1.0,0.0,0.0,0.0,0.0,0.0,6154.0,1.0
37,2018-08-07 10:31:51,37,37,51809.0,AA00004,AAA9101004,0.0,115.89832079682907,28.701136408771244,1.0,0.0,0.0,0.0,0.0,0.0,6154.0,1.0
38,2018-08-07 10:31:52,38,38,51810.0,AA00004,AAA9101004,0.0,115.89831256719063,28.701146546131206,1.0,0.0,0.0,0.0,0.0,0.0,6154.0,1.0
39,2018-08-07 10:31:53,39,39,51811.0,AA00004,AAA9101004,0.0,115.89829228787414,28.70117152865731,1.0,0.0,0.0,0.0,0.0,0.0,6154.0,1.0
40,2018-08-07 10:31:54,40,40,51812.0,AA00004,AAA9101004,0.0,115.89824479258839,28.70123004737012,1.0,0.0,0.0,0.0,0.0,0.0,6154.0,1.0
41,2018-08-07 10:31:55,41,41,51813.0,AA00004,AAA9101004,0.0,115.89814267924368,28.701355892704857,1.0,0.0,0.0,0.0,0.0,0.0,6154.0,1.0
42,2018-08-07 10:31:56,42,42,51814.0,AA00004,AAA9101004,0.0,115.89795849919943,28.701583012732726,1.0,0.0,0.0,0.0,0.0,0.0,6154.0,1.0
43,2018-08-07 10:31:57,43,43,51815.0,AA00004,AAA9101004,0.0,115.89777559330655,28.701809241053365,1.0,0.0,0.0,0.0,0.0,0.0,6154.0,1.0
44,2018-08-07 10:31:58,44,44,51816.0,AA00004,AAA9101004,0.0,115.89767900128504,28.70193122232289,1.0,0.0,0.0,0.0,0.0,0.0,6154.0,1.0
45,2018-08-07 10:31:59,45,45,51817.0,AA00004,AAA9101004,0.0,115.89763220290524,28.70198432967641,1.0,0.0,0.0,0.0,0.0,0.0,6154.0,1.0
46,2018-08-07 10:32:00,46,46,51818.0,AA00004,AAA9101004,0.0,115.89760420541398,28.702006362874783,1.0,0.0,0.0,0.0,0.0,0.0,6154.0,1.0
47,2018-08-07 10:32:01,47,47,51819.0,AA00004,AAA9101004,0.0,115.89756538965331,28.70201785837869,1.0,0.0,0.0,0.0,0.0,0.0,6154.0,1.0
48,2018-08-07 10:32:02,48,48,51820.0,AA00004,AAA9101004,0.0,115.89754889674117,28.702023012656046,1.0,0.0,0.0,0.0,0.0,0.0,6154.0,1.0
49,2018-08-07 10:32:03,49,49,51821.0,AA00004,AAA9101004,0.0,115.8975495493592,28.702027306792395,1.0,0.0,0.0,0.0,0.0,0.0,6154.0,1.0
50,2018-08-07 10:32:04,50,50,51822.0,AA00004,AAA9101004,93.0,115.89755783672838,28.702030268696745,1.0,0.0,0.0,0.0,0.0,0.0,6154.0,1.0
51,2018-08-07 10:32:05,51,51,51823.0,AA00004,AAA9101004,93.0,115.89756751364152,28.70203452189398,1.0,0.0,0.0,0.0,0.0,0.0,6154.0,1.0
52,2018-08-07 10:32:06,52,52,51824.0,AA00004,AAA9101004,93.0,115.89757275070784,28.702036635049886,1.0,0.0,0.0,0.0,0.0,0.0,6154.0,1.0
53,2018-08-07 10:32:07,53,53,51825.0,AA00004,AAA9101004,93.0,115.89757474059314,28.702037327554716,1.0,0.0,0.0,0.0,0.0,0.0,6154.0,1.0
54,2018-08-07 10:32:08,54,54,51826.0,AA00004,AAA9101004,93.0,115.89757543509131,28.702035966146376,1.0,0.0,0.0,0.0,0.0,0.0,6154.0,1.0
55,2018-08-07 10:32:09,55,55,51827.0,AA00004,AAA9101004,93.0,115.89757557939376,28.702033034565456,1.0,0.0,0.0,0.0,0.0,0.0,6154.0,1.0
56,2018-08-07 10:32:10,56,56,51828.0,AA00004,AAA9101004,93.0,115.89757546044946,28.70202847139534,1.0,0.0,0.0,0.0,0.0,0.0,6154.0,1.0
57,2018-08-07 10:32:11,57,57,51829.0,AA00004,AAA9101004,93.0,115.89757541779632,28.702023189555806,1.0,0.0,0.0,0.0,0.0,0.0,6154.0,1.0
58,2018-08-07 10:32:12,58,58,51830.0,AA00004,AAA9101004,93.0,115.89757516348527,28.70201893335037,1.0,0.0,0.0,0.0,0.0,0.0,6154.0,1.0
59,2018-08-07 10:32:13,59,59,51831.0,AA00004,AAA9101004,93.0,115.89757489314822,28.702016246051905,1.0,0.0,0.0,0.0,0.0,0.0,6154.0,1.0
60,2018-08-07 10:32:14,60,60,51832.0,AA00004,AAA9101004,93.0,115.89757446366481,28.702014586025506,1.0,0.0,0.0,0.0,0.0,0.0,6154.0,1.0
61,2018-08-07 10:32:15,61,61,51833.0,AA00004,AAA9101004,93.0,115.89757349710031,28.70201392125539,1.0,0.0,0.0,0.0,0.0,0.0,6154.0,1.0
62,2018-08-07 10:32:16,62,62,51834.0,AA00004,AAA9101004,93.0,115.89757114087949,28.702014028421374,1.0,0.0,0.0,0.0,0.0,0.0,6154.0,1.0
63,2018-08-07 10:32:17,63,63,51835.0,AA00004,AAA9101004,93.0,115.89756552261068,28.702015094425665,1.0,0.0,0.0,0.0,0.0,0.0,6154.0,1.0
64,2018-08-07 10:32:18,64,64,51836.0,AA00004,AAA9101004,93.0,115.89755297504017,28.702018025292283,1.0,0.0,0.0,0.0,0.0,0.0,6154.0,1.0
65,2018-08-07 10:32:19,65,65,51837.0,AA00004,AAA9101004,320.0,115.8975283325973,28.702024955271177,1.0,0.0,0.0,0.0,0.0,0.0,6154.0,1.0
66,2018-08-07 10:32:20,66,66,51838.0,AA00004,AAA9101004,311.0,115.89749372903691,28.702039686988428,1.0,0.0,0.0,0.0,0.0,12.0,6154.0,1.0
67,2018-08-07 10:32:21,67,67,51839.0,AA00004,AAA9101004,301.0,115.89745103098383,28.702059961658275,1.0,0.0,0.0,0.0,0.0,16.0,6154.0,1.0
68,2018-08-07 10:32:22,68,68,51840.0,AA00004,AAA9101004,296.0,115.89740071632123,28.70208271939716,1.0,0.0,0.0,0.0,0.0,19.0,6154.0,1.0
69,2018-08-07 10:32:23,69,69,51841.0,AA00004,AAA9101004,291.0,115.89734442189217,28.70210441457528,1.0,0.0,0.0,0.0,0.0,22.0,6154.0,1.0
70,2018-08-07 10:32:24,70,70,51842.0,AA00004,AAA9101004,286.0,115.89728629823563,28.702122767921498,1.0,0.0,0.0,0.0,0.0,22.0,6154.0,1.0
71,2018-08-07 10:32:25,71,71,51843.0,AA00004,AAA9101004,277.0,115.89722662137835,28.70213661258238,1.0,0.0,0.0,0.0,0.0,21.0,6154.0,1.0
72,2018-08-07 10:32:26,72,72,51844.0,AA00004,AAA9101004,275.0,115.89716456728196,28.70214573353179,1.0,0.0,0.0,0.0,0.0,23.0,6154.0,1.0
73,2018-08-07 10:32:27,73,73,51845.0,AA00004,AAA9101004,273.0,115.89709902792426,28.702148761731905,1.0,0.0,0.0,0.0,0.0,24.0,6154.0,1.0
74,2018-08-07 10:32:28,74,74,51846.0,AA00004,AAA9101004,273.0,115.89702934576759,28.70214469842064,1.0,0.0,0.0,0.0,0.0,26.0,6154.0,1.0
75,2018-08-07 10:32:29,75,75,51847.0,AA00004,AAA9101004,260.0,115.89695632901015,28.702135603037455,1.0,0.0,0.0,0.0,0.0,26.0,6154.0,1.0
76,2018-08-07 10:32:30,76,76,51848.0,AA00004,AAA9101004,255.0,115.89688204214852,28.702119587986825,1.0,0.0,0.0,0.0,0.0,29.0,6154.0,1.0
77,2018-08-07 10:32:31,77,77,51849.0,AA00004,AAA9101004,249.0,115.8968081553892,28.702094956235555,1.0,0.0,0.0,0.0,0.0,28.0,6154.0,1.0
78,2018-08-07 10:32:32,78,78,51850.0,AA00004,AAA9101004,235.0,115.89673553043333,28.70206108935532,1.0,0.0,0.0,0.0,0.0,30.0,6154.0,1.0
79,2018-08-07 10:32:33,79,79,51851.0,AA00004,AAA9101004,232.0,115.89666452494619,28.70201973505073,1.0,0.0,0.0,0.0,0.0,31.0,6154.0,1.0
80,2018-08-07 10:32:34,80,80,51852.0,AA00004,AAA9101004,224.0,115.8965952763154,28.70197404188792,1.0,0.0,0.0,0.0,0.0,32.0,6154.0,1.0
81,2018-08-07 10:32:35,81,81,51853.0,AA00004,AAA9101004,230.0,115.89652627268663,28.701926818067523,1.0,0.0,0.0,0.0,0.0,33.0,6154.0,1.0
82,2018-08-07 10:32:36,82,82,51854.0,AA00004,AAA9101004,232.0,115.89645616148113,28.701880295942352,1.0,0.0,0.0,0.0,0.0,32.0,6154.0,1.0
83,2018-08-07 10:32:37,83,83,51855.0,AA00004,AAA9101004,232.0,115.89638373482985,28.701835307358532,1.0,0.0,0.0,0.0,0.0,32.0,6154.0,1.0
84,2018-08-07 10:32:38,84,84,51856.0,AA00004,AAA9101004,239.0,115.89630849876755,28.701792656828953,1.0,0.0,0.0,0.0,0.0,32.0,6154.0,1.0
85,2018-08-07 10:32:39,85,85,51857.0,AA00004,AAA9101004,237.0,115.89623011620483,28.701751647915618,1.0,0.0,0.0,0.0,0.0,33.0,6154.0,1.0
86,2018-08-07 10:32:40,86,86,51858.0,AA00004,AAA9101004,242.0,115.89614792717519,28.70171300331058,1.0,0.0,0.0,0.0,0.0,34.0,6154.0,1.0
87,2018-08-07 10:32:41,87,87,51859.0,AA00004,AAA9101004,246.0,115.89606167400515,28.701677207913292,1.0,0.0,0.0,0.0,0.0,35.0,6154.0,1.0
88,2018-08-07 10:32:42,88,88,51860.0,AA00004,AAA9101004,247.0,115.8959729585209,28.701643361923452,1.0,0.0,0.0,0.0,0.0,37.0,6154.0,1.0
89,2018-08-07 10:32:43,89,89,51861.0,AA00004,AAA9101004,245.0,115.89588458298627,28.701611815931276,1.0,0.0,0.0,0.0,0.0,38.0,6154.0,1.0
90,2018-08-07 10:32:44,90,90,51862.0,AA00004,AAA9101004,248.0,115.89580033901953,28.701584835367058,1.0,0.0,0.0,0.0,0.0,33.0,6154.0,1.0
91,2018-08-07 10:32:45,91,91,51863.0,AA00004,AAA9101004,253.0,115.89572322592805,28.70156463901827,1.0,0.0,0.0,0.0,0.0,27.0,6154.0,1.0
92,2018-08-07 10:32:46,92,92,51864.0,AA00004,AAA9101004,258.0,115.89565310849345,28.701550289567198,1.0,0.0,0.0,0.0,0.0,20.0,6154.0,1.0
93,2018-08-07 10:32:47,93,93,51865.0,AA00004,AAA9101004,263.0,115.89558655779771,28.70153914444542,1.0,0.0,0.0,0.0,0.0,19.0,6154.0,1.0
94,2018-08-07 10:32:48,94,94,51866.0,AA00004,AAA9101004,254.0,115.89552049991458,28.701527613867903,1.0,0.0,0.0,0.0,0.0,20.0,6154.0,1.0
95,2018-08-07 10:32:49,95,95,51867.0,AA00004,AAA9101004,259.0,115.89545579450223,28.701518043742773,1.0,0.0,0.0,0.0,0.0,20.0,6154.0,1.0
96,2018-08-07 10:32:50,96,96,51868.0,AA00004,AAA9101004,262.0,115.89538880118225,28.701509709120636,1.0,0.0,0.0,0.0,0.0,22.0,6154.0,1.0
97,2018-08-07 10:32:51,97,97,51869.0,AA00004,AAA9101004,260.0,115.89531733119708,28.701501512182848,1.0,0.0,0.0,0.0,0.0,24.0,6154.0,1.0
98,2018-08-07 10:32:52,98,98,51870.0,AA00004,AAA9101004,258.0,115.8952401735903,28.701493251460395,1.0,0.0,0.0,0.0,0.0,28.0,6154.0,1.0
99,2018-08-07 10:32:53,99,99,51871.0,AA00004,AAA9101004,258.0,115.89515649650622,28.701483627686486,1.0,0.0,0.0,0.0,0.0,32.0,6154.0,1.0
100,2018-08-07 10:32:54,100,100,51872.0,AA00004,AAA9101004,260.0,115.89506751163725,28.701472645963065,1.0,0.0,0.0,0.0,0.0,34.0,6154.0,1.0
101,2018-08-07 10:32:55,101,101,51873.0,AA00004,AAA9101004,259.0,115.89497553245394,28.701459140699768,1.0,0.0,0.0,0.0,0.0,34.0,6154.0,1.0
102,2018-08-07 10:32:56,102,102,51874.0,AA00004,AAA9101004,258.0,115.8948811271892,28.701441224366924,1.0,0.0,0.0,0.0,0.0,36.0,6154.0,1.0
103,2018-08-07 10:32:57,103,103,51875.0,AA00004,AAA9101004,261.0,115.89478822635961,28.701417549675497,1.0,0.0,0.0,0.0,0.0,36.0,6154.0,2.0
104,2018-08-07 10:32:58,104,104,,AA00004,AAA9101004,261.0,115.89470819368283,28.70140161866929,1.0,0.0,0.0,0.0,0.0,36.0,6154.0,
105,2018-08-07 10:32:59,105,105,51876.0,AA00004,AAA9101004,262.0,115.89462872507066,28.701388790450725,1.0,0.0,0.0,0.0,0.0,36.0,6154.0,1.0
106,2018-08-07 10:33:00,106,106,51877.0,AA00004,AAA9101004,261.0,115.89453826852085,28.701378561173453,1.0,0.0,0.0,0.0,0.0,35.0,6154.0,1.0
107,2018-08-07 10:33:01,107,107,51878.0,AA00004,AAA9101004,259.0,115.89443961748766,28.701370562509013,1.0,0.0,0.0,0.0,0.0,39.0,6154.0,1.0
108,2018-08-07 10:33:02,108,108,51879.0,AA00004,AAA9101004,263.0,115.89433654895855,28.701363985607202,1.0,0.0,0.0,0.0,0.0,37.0,6154.0,1.0
109,2018-08-07 10:33:03,109,109,51880.0,AA00004,AAA9101004,264.0,115.89423250065026,28.70135721157689,1.0,0.0,0.0,0.0,0.0,38.0,6154.0,1.0
110,2018-08-07 10:33:04,110,110,51881.0,AA00004,AAA9101004,263.0,115.89412728228012,28.701349925762756,1.0,0.0,0.0,0.0,0.0,39.0,6154.0,1.0
111,2018-08-07 10:33:05,111,111,51882.0,AA00004,AAA9101004,263.0,115.89402207637181,28.701341862787192,1.0,0.0,0.0,0.0,0.0,40.0,6154.0,1.0
112,2018-08-07 10:33:06,112,112,51883.0,AA00004,AAA9101004,262.0,115.8939193969,28.70133260964967,1.0,0.0,0.0,0.0,0.0,39.0,6154.0,1.0
113,2018-08-07 10:33:07,113,113,51884.0,AA00004,AAA9101004,258.0,115.89382118128971,28.70132060879003,1.0,0.0,0.0,0.0,0.0,37.0,6154.0,1.0
114,2018-08-07 10:33:08,114,114,51885.0,AA00004,AAA9101004,255.0,115.89372437968764,28.70130304341185,1.0,0.0,0.0,0.0,0.0,35.0,6154.0,1.0
115,2018-08-07 10:33:09,115,115,51886.0,AA00004,AAA9101004,244.0,115.8936294175682,28.701279113331744,1.0,0.0,0.0,0.0,0.0,37.0,6154.0,1.0
116,2018-08-07 10:33:10,116,116,51887.0,AA00004,AAA9101004,245.0,115.89353917290994,28.701248905209393,1.0,0.0,0.0,0.0,0.0,34.0,6154.0,1.0
117,2018-08-07 10:33:11,117,117,51888.0,AA00004,AAA9101004,238.0,115.89345398953998,28.70121169077723,1.0,0.0,0.0,0.0,0.0,34.0,6154.0,1.0
118,2018-08-07 10:33:12,118,118,51889.0,AA00004,AAA9101004,235.0,115.89337304434828,28.70116796125625,1.0,0.0,0.0,0.0,0.0,34.0,6154.0,1.0
119,2018-08-07 10:33:13,119,119,51890.0,AA00004,AAA9101004,231.0,115.89329608184958,28.70111751952136,1.0,0.0,0.0,0.0,0.0,35.0,6154.0,1.0
120,2018-08-07 10:33:14,120,120,51891.0,AA00004,AAA9101004,226.0,115.89322443631549,28.701060269179745,1.0,0.0,0.0,0.0,0.0,35.0,6154.0,1.0
121,2018-08-07 10:33:15,121,121,51892.0,AA00004,AAA9101004,221.0,115.89315912743301,28.700996754148342,1.0,0.0,0.0,0.0,0.0,35.0,6154.0,1.0
122,2018-08-07 10:33:16,122,122,51893.0,AA00004,AAA9101004,216.0,115.89310115346571,28.700928265904857,1.0,0.0,0.0,0.0,0.0,36.0,6154.0,1.0
123,2018-08-07 10:33:17,123,123,51894.0,AA00004,AAA9101004,210.0,115.89305111798937,28.700854014841696,1.0,0.0,0.0,0.0,0.0,35.0,6154.0,1.0
124,2018-08-07 10:33:18,124,124,51895.0,AA00004,AAA9101004,205.0,115.89301080621578,28.700775314685842,1.0,0.0,0.0,0.0,0.0,36.0,6154.0,1.0
125,2018-08-07 10:33:19,125,125,51896.0,AA00004,AAA9101004,200.0,115.89298081708202,28.70069414474495,1.0,0.0,0.0,0.0,0.0,33.0,6154.0,1.0
126,2018-08-07 10:33:20,126,126,51897.0,AA00004,AAA9101004,194.0,115.89296092958124,28.70061069764676,1.0,0.0,0.0,0.0,0.0,36.0,6154.0,1.0
127,2018-08-07 10:33:21,127,127,51898.0,AA00004,AAA9101004,188.0,115.89294948868213,28.700526013174255,1.0,0.0,0.0,0.0,0.0,35.0,6154.0,1.0
128,2018-08-07 10:33:22,128,128,51899.0,AA00004,AAA9101004,183.0,115.89294417567845,28.700441966622822,1.0,0.0,0.0,0.0,0.0,34.0,6154.0,1.0
129,2018-08-07 10:33:23,129,129,51900.0,AA00004,AAA9101004,183.0,115.89294199426313,28.70036031683311,1.0,0.0,0.0,0.0,0.0,33.0,6154.0,1.0
130,2018-08-07 10:33:24,130,130,51901.0,AA00004,AAA9101004,181.0,115.8929408196352,28.7002820957896,1.0,0.0,0.0,0.0,0.0,32.0,6154.0,1.0
131,2018-08-07 10:33:25,131,131,51902.0,AA00004,AAA9101004,182.0,115.89293943685556,28.70020794255233,1.0,0.0,0.0,0.0,0.0,29.0,6154.0,1.0
132,2018-08-07 10:33:26,132,132,51903.0,AA00004,AAA9101004,185.0,115.89293639730717,28.7001366050131,1.0,0.0,0.0,0.0,0.0,29.0,6154.0,1.0
133,2018-08-07 10:33:27,133,133,51904.0,AA00004,AAA9101004,184.0,115.89293223989183,28.70006908293611,1.0,0.0,0.0,0.0,0.0,28.0,6154.0,1.0
134,2018-08-07 10:33:28,134,134,51905.0,AA00004,AAA9101004,184.0,115.89292739517958,28.70000650214033,1.0,0.0,0.0,0.0,0.0,24.0,6154.0,1.0
135,2018-08-07 10:33:29,135,135,51906.0,AA00004,AAA9101004,182.0,115.89292181974842,28.699948661443926,1.0,0.0,0.0,0.0,0.0,21.0,6154.0,1.0
136,2018-08-07 10:33:30,136,136,51907.0,AA00004,AAA9101004,186.0,115.89291459857066,28.699892733463145,1.0,0.0,0.0,0.0,0.0,18.0,6154.0,1.0
137,2018-08-07 10:33:31,137,137,51908.0,AA00004,AAA9101004,189.0,115.89290614135555,28.69983441393452,1.0,0.0,0.0,0.0,0.0,18.0,6154.0,1.0
138,2018-08-07 10:33:32,138,138,51909.0,AA00004,AAA9101004,187.0,115.89289968449735,28.69977791549117,1.0,0.0,0.0,0.0,0.0,21.0,6154.0,1.0
139,2018-08-07 10:33:33,139,139,51910.0,AA00004,AAA9101004,185.0,115.89289454694614,28.69972436662299,1.0,0.0,0.0,0.0,0.0,21.0,6154.0,1.0
140,2018-08-07 10:33:34,140,140,51911.0,AA00004,AAA9101004,181.0,115.89289054985198,28.69967393988866,1.0,0.0,0.0,0.0,0.0,17.0,6154.0,1.0
141,2018-08-07 10:33:35,141,141,51912.0,AA00004,AAA9101004,186.0,115.89288778427206,28.69962369179207,1.0,0.0,0.0,0.0,0.0,21.0,6154.0,1.0
142,2018-08-07 10:33:36,142,142,51913.0,AA00004,AAA9101004,182.0,115.89288504241208,28.699574884840157,1.0,0.0,0.0,0.0,0.0,19.0,6154.0,1.0
143,2018-08-07 10:33:37,143,143,51914.0,AA00004,AAA9101004,182.0,115.89288157040158,28.69952778983396,1.0,0.0,0.0,0.0,0.0,17.0,6154.0,1.0
144,2018-08-07 10:33:38,144,144,51915.0,AA00004,AAA9101004,185.0,115.89287638224123,28.699480256703797,1.0,0.0,0.0,0.0,0.0,19.0,6154.0,1.0
145,2018-08-07 10:33:39,145,145,51916.0,AA00004,AAA9101004,189.0,115.89287007822898,28.699432953873416,1.0,0.0,0.0,0.0,0.0,19.0,6154.0,1.0
146,2018-08-07 10:33:40,146,146,51917.0,AA00004,AAA9101004,185.0,115.89286318299499,28.699386704964013,1.0,0.0,0.0,0.0,0.0,18.0,6154.0,1.0
147,2018-08-07 10:33:41,147,147,51918.0,AA00004,AAA9101004,186.0,115.89285629793677,28.699341634858623,1.0,0.0,0.0,0.0,0.0,18.0,6154.0,1.0
148,2018-08-07 10:33:42,148,148,51919.0,AA00004,AAA9101004,186.0,115.89284972089109,28.699297955723942,1.0,0.0,0.0,0.0,0.0,18.0,6154.0,1.0
149,2018-08-07 10:33:43,149,149,51920.0,AA00004,AAA9101004,185.0,115.89284403934614,28.69925666444228,1.0,0.0,0.0,0.0,0.0,17.0,6154.0,1.0
150,2018-08-07 10:33:44,150,150,51921.0,AA00004,AAA9101004,184.0,115.89283913728698,28.699219835200086,1.0,0.0,0.0,0.0,0.0,15.0,6154.0,1.0
151,2018-08-07 10:33:45,151,151,51922.0,AA00004,AAA9101004,185.0,115.89283511567201,28.699189491416007,1.0,0.0,0.0,0.0,0.0,12.0,6155.0,1.0
152,2018-08-07 10:33:46,152,152,51923.0,AA00004,AAA9101004,193.0,115.8928323868585,28.699167313976478,1.0,0.0,0.0,0.0,0.0,0.0,6155.0,1.0
153,2018-08-07 10:33:47,153,153,51924.0,AA00004,AAA9101004,174.0,115.89283101437367,28.69915255027406,1.0,0.0,0.0,0.0,0.0,0.0,6155.0,1.0
154,2018-08-07 10:33:48,154,154,51925.0,AA00004,AAA9101004,174.0,115.89283039336263,28.699143927670843,1.0,0.0,0.0,0.0,0.0,0.0,6155.0,1.0
155,2018-08-07 10:33:49,155,155,51926.0,AA00004,AAA9101004,174.0,115.89283010576294,28.69913942005803,1.0,0.0,0.0,0.0,0.0,0.0,6155.0,1.0
156,2018-08-07 10:33:50,156,156,51927.0,AA00004,AAA9101004,174.0,115.89282991890909,28.69913734950753,1.0,0.0,0.0,0.0,0.0,0.0,6155.0,1.0
157,2018-08-07 10:33:51,157,157,51928.0,AA00004,AAA9101004,174.0,115.89282967984349,28.699136408042843,1.0,0.0,0.0,0.0,0.0,0.0,6155.0,1.0
158,2018-08-07 10:33:52,158,158,51929.0,AA00004,AAA9101004,174.0,115.89282924182378,28.69913588405868,1.0,0.0,0.0,0.0,0.0,0.0,6155.0,1.0
159,2018-08-07 10:33:53,159,159,51930.0,AA00004,AAA9101004,174.0,115.8928285019672,28.699135450913396,1.0,0.0,0.0,0.0,0.0,0.0,6155.0,1.0
160,2018-08-07 10:33:54,160,160,51931.0,AA00004,AAA9101004,174.0,115.89282791665264,28.699135235958877,1.0,0.0,0.0,0.0,0.0,0.0,6155.0,1.0
161,2018-08-07 10:33:55,161,161,51932.0,AA00004,AAA9101004,174.0,115.89282745015842,28.699135137965047,1.0,0.0,0.0,0.0,0.0,0.0,6155.0,1.0
162,2018-08-07 10:33:56,162,162,51933.0,AA00004,AAA9101004,174.0,115.89282753707361,28.699134943573252,1.0,0.0,0.0,0.0,0.0,0.0,6155.0,1.0
163,2018-08-07 10:33:57,163,163,51934.0,AA00004,AAA9101004,174.0,115.89282747797657,28.69913393065155,1.0,0.0,0.0,0.0,0.0,0.0,6155.0,1.0
164,2018-08-07 10:33:58,164,164,51935.0,AA00004,AAA9101004,174.0,115.89282701788646,28.699131085970073,1.0,0.0,0.0,0.0,0.0,0.0,6155.0,1.0
165,2018-08-07 10:33:59,165,165,51936.0,AA00004,AAA9101004,174.0,115.89282576732778,28.699124211755006,1.0,0.0,0.0,0.0,0.0,0.0,6155.0,1.0
166,2018-08-07 10:34:00,166,166,51937.0,AA00004,AAA9101004,182.0,115.89282298681242,28.699109158819354,1.0,0.0,0.0,0.0,0.0,0.0,6155.0,1.0
167,2018-08-07 10:34:01,167,167,51938.0,AA00004,AAA9101004,182.0,115.89281785940484,28.699081098147648,1.0,0.0,0.0,0.0,0.0,11.0,6155.0,1.0
168,2018-08-07 10:34:02,168,168,51939.0,AA00004,AAA9101004,184.0,115.8928123217717,28.69904332924604,1.0,0.0,0.0,0.0,0.0,15.0,6155.0,1.0
169,2018-08-07 10:34:03,169,169,51940.0,AA00004,AAA9101004,183.0,115.89280746146964,28.698999988645213,1.0,0.0,0.0,0.0,0.0,13.0,6155.0,1.0
170,2018-08-07 10:34:04,170,170,51941.0,AA00004,AAA9101004,184.0,115.8928037975246,28.698952290470306,1.0,0.0,0.0,0.0,0.0,15.0,6155.0,1.0
171,2018-08-07 10:34:05,171,171,51942.0,AA00004,AAA9101004,183.0,115.89280061538207,28.69890059953831,1.0,0.0,0.0,0.0,0.0,18.0,6155.0,1.0
172,2018-08-07 10:34:06,172,172,51943.0,AA00004,AAA9101004,183.0,115.89279705410925,28.698844866760655,1.0,0.0,0.0,0.0,0.0,20.0,6155.0,1.0
173,2018-08-07 10:34:07,173,173,51944.0,AA00004,AAA9101004,183.0,115.89279192859514,28.69878393818987,1.0,0.0,0.0,0.0,0.0,22.0,6155.0,1.0
174,2018-08-07 10:34:08,174,174,51945.0,AA00004,AAA9101004,185.0,115.8927851738618,28.69871739330118,1.0,0.0,0.0,0.0,0.0,25.0,6155.0,1.0
175,2018-08-07 10:34:09,175,175,51946.0,AA00004,AAA9101004,187.0,115.89277789727765,28.698646093169938,1.0,0.0,0.0,0.0,0.0,27.0,6155.0,1.0
176,2018-08-07 10:34:10,176,176,51947.0,AA00004,AAA9101004,185.0,115.8927712966158,28.698571865016106,1.0,0.0,0.0,0.0,0.0,29.0,6155.0,1.0
177,2018-08-07 10:34:11,177,177,51948.0,AA00004,AAA9101004,185.0,115.89276495657761,28.698495725885575,1.0,0.0,0.0,0.0,0.0,30.0,6155.0,1.0
178,2018-08-07 10:34:12,178,178,51949.0,AA00004,AAA9101004,186.0,115.89275862644435,28.69841922232342,1.0,0.0,0.0,0.0,0.0,30.0,6155.0,1.0
179,2018-08-07 10:34:13,179,179,51950.0,AA00004,AAA9101004,182.0,115.89275216066369,28.698343416395776,1.0,0.0,0.0,0.0,0.0,31.0,6155.0,1.0
180,2018-08-07 10:34:14,180,180,51951.0,AA00004,AAA9101004,186.0,115.89274391597094,28.698269036091933,1.0,0.0,0.0,0.0,0.0,31.0,6155.0,1.0
181,2018-08-07 10:34:15,181,181,51952.0,AA00004,AAA9101004,186.0,115.89273440756739,28.698196273978628,1.0,0.0,0.0,0.0,0.0,28.0,6155.0,1.0
182,2018-08-07 10:34:16,182,182,51953.0,AA00004,AAA9101004,187.0,115.89272452050857,28.6981241844703,1.0,0.0,0.0,0.0,0.0,29.0,6155.0,1.0
183,2018-08-07 10:34:17,183,183,51954.0,AA00004,AAA9101004,185.0,115.89271519276511,28.698053135581866,1.0,0.0,0.0,0.0,0.0,29.0,6155.0,1.0
184,2018-08-07 10:34:18,184,184,51955.0,AA00004,AAA9101004,186.0,115.89270611695984,28.697984152213706,1.0,0.0,0.0,0.0,0.0,28.0,6155.0,1.0
185,2018-08-07 10:34:19,185,185,51956.0,AA00004,AAA9101004,188.0,115.89269731474123,28.69791814435269,1.0,0.0,0.0,0.0,0.0,23.0,6155.0,1.0
186,2018-08-07 10:34:20,186,186,51957.0,AA00004,AAA9101004,191.0,115.89268933209831,28.69785289929756,1.0,0.0,0.0,0.0,0.0,23.0,6155.0,1.0
187,2018-08-07 10:34:21,187,187,51958.0,AA00004,AAA9101004,180.0,115.89268254179237,28.697784378148867,1.0,0.0,0.0,0.0,0.0,29.0,6155.0,1.0
188,2018-08-07 10:34:22,188,188,51959.0,AA00004,AAA9101004,187.0,115.89267449773521,28.697712571485035,1.0,0.0,0.0,0.0,0.0,24.0,6155.0,1.0
189,2018-08-07 10:34:23,189,189,51960.0,AA00004,AAA9101004,186.0,115.89266563556062,28.69763518282207,1.0,0.0,0.0,0.0,0.0,31.0,6155.0,1.0
190,2018-08-07 10:34:24,190,190,51961.0,AA00004,AAA9101004,186.0,115.89265690717008,28.69755376114755,1.0,0.0,0.0,0.0,0.0,31.0,6155.0,1.0
191,2018-08-07 10:34:25,191,191,51962.0,AA00004,AAA9101004,184.0,115.89264847493928,28.69746952794579,1.0,0.0,0.0,0.0,0.0,34.0,6155.0,1.0
192,2018-08-07 10:34:26,192,192,51963.0,AA00004,AAA9101004,186.0,115.8926396572684,28.697387425115366,1.0,0.0,0.0,0.0,0.0,33.0,6155.0,1.0
193,2018-08-07 10:34:27,193,193,51964.0,AA00004,AAA9101004,184.0,115.89263149380133,28.697309936099,1.0,0.0,0.0,0.0,0.0,31.0,6155.0,1.0
194,2018-08-07 10:34:28,194,194,51965.0,AA00004,AAA9101004,186.0,115.89262378673362,28.69723852618085,1.0,0.0,0.0,0.0,0.0,27.0,6155.0,1.0
195,2018-08-07 10:34:29,195,195,51966.0,AA00004,AAA9101004,186.0,115.89261667281816,28.697173042683055,1.0,0.0,0.0,0.0,0.0,25.0,6155.0,1.0
196,2018-08-07 10:34:30,196,196,51967.0,AA00004,AAA9101004,185.0,115.89261046143855,28.69711385403017,1.0,0.0,0.0,0.0,0.0,21.0,6155.0,1.0
197,2018-08-07 10:34:31,197,197,51968.0,AA00004,AAA9101004,189.0,115.8926048643348,28.697060098218696,1.0,0.0,0.0,0.0,0.0,19.0,6155.0,1.0
198,2018-08-07 10:34:32,198,198,51969.0,AA00004,AAA9101004,186.0,115.89260041096048,28.69700951390973,1.0,0.0,0.0,0.0,0.0,20.0,6155.0,1.0
199,2018-08-07 10:34:33,199,199,51970.0,AA00004,AAA9101004,183.0,115.89259733550745,28.696960958703997,1.0,0.0,0.0,0.0,0.0,17.0,6155.0,1.0
200,2018-08-07 10:34:34,200,200,51971.0,AA00004,AAA9101004,185.0,115.89259521827357,28.696912393167775,1.0,0.0,0.0,0.0,0.0,22.0,6155.0,1.0
201,2018-08-07 10:34:35,201,201,51972.0,AA00004,AAA9101004,186.0,115.8925938016748,28.696865441586983,1.0,0.0,0.0,0.0,0.0,20.0,6155.0,1.0
202,2018-08-07 10:34:36,202,202,51973.0,AA00004,AAA9101004,183.0,115.8925943178571,28.696821741376617,1.0,0.0,0.0,0.0,0.0,16.0,6155.0,1.0
203,2018-08-07 10:34:37,203,203,51974.0,AA00004,AAA9101004,175.0,115.89259813087475,28.696781834343906,1.0,0.0,0.0,0.0,0.0,14.0,6155.0,1.0
204,2018-08-07 10:34:38,204,204,51975.0,AA00004,AAA9101004,160.0,115.89260404680219,28.69674427340176,1.0,0.0,0.0,0.0,0.0,15.0,6155.0,1.0
205,2018-08-07 10:34:39,205,205,51976.0,AA00004,AAA9101004,188.0,115.89260724905365,28.696706987535215,1.0,0.0,0.0,0.0,0.0,19.0,6155.0,1.0
206,2018-08-07 10:34:40,206,206,51977.0,AA00004,AAA9101004,181.0,115.89260819647279,28.696669959571153,1.0,0.0,0.0,0.0,0.0,15.0,6155.0,1.0
207,2018-08-07 10:34:41,207,207,51978.0,AA00004,AAA9101004,181.0,115.89260806646827,28.696632080130176,1.0,0.0,0.0,0.0,0.0,15.0,6155.0,1.0
208,2018-08-07 10:34:42,208,208,51979.0,AA00004,AAA9101004,176.0,115.89260840008468,28.69659183118818,1.0,0.0,0.0,0.0,0.0,15.0,6155.0,1.0
209,2018-08-07 10:34:43,209,209,51980.0,AA00004,AAA9101004,180.0,115.89260824831358,28.696548410351806,1.0,0.0,0.0,0.0,0.0,19.0,6155.0,1.0
210,2018-08-07 10:34:44,210,210,51981.0,AA00004,AAA9101004,177.0,115.89260824993238,28.69650363971997,1.0,0.0,0.0,0.0,0.0,17.0,6155.0,1.0
211,2018-08-07 10:34:45,211,211,51982.0,AA00004,AAA9101004,166.0,115.89260900722903,28.696458585663677,1.0,0.0,0.0,0.0,0.0,17.0,6155.0,1.0
212,2018-08-07 10:34:46,212,212,51983.0,AA00004,AAA9101004,174.0,115.89260908618975,28.69641239536682,1.0,0.0,0.0,0.0,0.0,11.0,6155.0,1.0
213,2018-08-07 10:34:47,213,213,51984.0,AA00004,AAA9101004,166.0,115.8926070236597,28.696360100810786,1.0,0.0,0.0,0.0,0.0,18.0,6155.0,1.0
214,2018-08-07 10:34:48,214,214,51985.0,AA00004,AAA9101004,175.0,115.89260267441793,28.696303110073888,1.0,0.0,0.0,0.0,0.0,27.0,6155.0,1.0
215,2018-08-07 10:34:49,215,215,51986.0,AA00004,AAA9101004,189.0,115.89259693366924,28.696235443114944,1.0,0.0,0.0,0.0,0.0,30.0,6155.0,1.0
216,2018-08-07 10:34:50,216,216,51987.0,AA00004,AAA9101004,198.0,115.89258754274331,28.696158373858367,1.0,0.0,0.0,0.0,0.0,32.0,6155.0,1.0
217,2018-08-07 10:34:51,217,217,51988.0,AA00004,AAA9101004,188.0,115.89257882095806,28.696074212255336,1.0,0.0,0.0,0.0,0.0,32.0,6155.0,1.0
218,2018-08-07 10:34:52,218,218,51989.0,AA00004,AAA9101004,183.0,115.89257228905029,28.69598360041389,1.0,0.0,0.0,0.0,0.0,35.0,6155.0,1.0
219,2018-08-07 10:34:53,219,219,51990.0,AA00004,AAA9101004,179.0,115.8925684478728,28.69589476553392,1.0,0.0,0.0,0.0,0.0,32.0,6155.0,1.0
220,2018-08-07 10:34:54,220,220,51991.0,AA00004,AAA9101004,182.0,115.89256366218808,28.69580696952698,1.0,0.0,0.0,0.0,0.0,33.0,6155.0,1.0
221,2018-08-07 10:34:55,221,221,51992.0,AA00004,AAA9101004,182.0,115.892556371669,28.695724500924342,1.0,0.0,0.0,0.0,0.0,33.0,6155.0,1.0
222,2018-08-07 10:34:56,222,222,51993.0,AA00004,AAA9101004,185.0,115.89254612343312,28.695653373291247,1.0,0.0,0.0,0.0,0.0,24.0,6155.0,1.0
223,2018-08-07 10:34:57,223,223,51994.0,AA00004,AAA9101004,187.0,115.8925310709225,28.69558760398669,1.0,0.0,0.0,0.0,0.0,19.0,6155.0,1.0
224,2018-08-07 10:34:58,224,224,51995.0,AA00004,AAA9101004,188.0,115.892514306703,28.695525905229232,1.0,0.0,0.0,0.0,0.0,18.0,6155.0,1.0
225,2018-08-07 10:34:59,225,225,51996.0,AA00004,AAA9101004,190.0,115.89250142484721,28.69547322847127,1.0,0.0,0.0,0.0,0.0,16.0,6155.0,1.0
226,2018-08-07 10:35:00,226,226,51997.0,AA00004,AAA9101004,187.0,115.89249163124778,28.695426411085787,1.0,0.0,0.0,0.0,0.0,11.0,6155.0,1.0
227,2018-08-07 10:35:01,227,227,51998.0,AA00004,AAA9101004,189.0,115.89248262774456,28.695383169596397,1.0,0.0,0.0,0.0,0.0,16.0,6155.0,1.0
228,2018-08-07 10:35:02,228,228,51999.0,AA00004,AAA9101004,187.0,115.8924730996987,28.69534105293508,1.0,0.0,0.0,0.0,0.0,17.0,6155.0,1.0
229,2018-08-07 10:35:03,229,229,52000.0,AA00004,AAA9101004,180.0,115.8924646116548,28.69530032871811,1.0,0.0,0.0,0.0,0.0,15.0,6155.0,1.0
230,2018-08-07 10:35:04,230,230,52001.0,AA00004,AAA9101004,182.0,115.89245772827086,28.6952594887747,1.0,0.0,0.0,0.0,0.0,18.0,6155.0,1.0
231,2018-08-07 10:35:05,231,231,52002.0,AA00004,AAA9101004,184.0,115.89245079880537,28.69521792762688,1.0,0.0,0.0,0.0,0.0,17.0,6155.0,1.0
232,2018-08-07 10:35:06,232,232,52003.0,AA00004,AAA9101004,186.0,115.89244253997246,28.69517402452059,1.0,0.0,0.0,0.0,0.0,17.0,6155.0,1.0
233,2018-08-07 10:35:07,233,233,52004.0,AA00004,AAA9101004,187.0,115.89243207362983,28.695125415787334,1.0,0.0,0.0,0.0,0.0,16.0,6155.0,1.0
234,2018-08-07 10:35:08,234,234,52005.0,AA00004,AAA9101004,186.0,115.89241884137827,28.69506788743358,1.0,0.0,0.0,0.0,0.0,15.0,6155.0,1.0
235,2018-08-07 10:35:09,235,235,52006.0,AA00004,AAA9101004,186.0,115.89240556282763,28.695005034379022,1.0,0.0,0.0,0.0,0.0,24.0,6155.0,1.0
236,2018-08-07 10:35:10,236,236,52007.0,AA00004,AAA9101004,180.0,115.89239331149801,28.69494441769105,1.0,0.0,0.0,0.0,0.0,22.0,6155.0,1.0
237,2018-08-07 10:35:11,237,237,52008.0,AA00004,AAA9101004,182.0,115.89238128912133,28.69488327558293,1.0,0.0,0.0,0.0,0.0,22.0,6155.0,1.0
238,2018-08-07 10:35:12,238,238,52009.0,AA00004,AAA9101004,183.0,115.89236874991425,28.69481848613024,1.0,0.0,0.0,0.0,0.0,24.0,6155.0,1.0
239,2018-08-07 10:35:13,239,239,52010.0,AA00004,AAA9101004,183.0,115.89235665197596,28.694751086285354,1.0,0.0,0.0,0.0,0.0,26.0,6155.0,1.0
240,2018-08-07 10:35:14,240,240,52011.0,AA00004,AAA9101004,183.0,115.89234578410563,28.69468325491639,1.0,0.0,0.0,0.0,0.0,26.0,6155.0,1.0
241,2018-08-07 10:35:15,241,241,52012.0,AA00004,AAA9101004,180.0,115.89233725609229,28.69461585420681,1.0,0.0,0.0,0.0,0.0,24.0,6155.0,1.0
242,2018-08-07 10:35:16,242,242,52013.0,AA00004,AAA9101004,185.0,115.8923298194693,28.69454682684289,1.0,0.0,0.0,0.0,0.0,25.0,6155.0,1.0
243,2018-08-07 10:35:17,243,243,52014.0,AA00004,AAA9101004,185.0,115.89232288968599,28.69447723769565,1.0,0.0,0.0,0.0,0.0,28.0,6155.0,1.0
244,2018-08-07 10:35:18,244,244,52015.0,AA00004,AAA9101004,174.0,115.89231757188277,28.69440876219122,1.0,0.0,0.0,0.0,0.0,25.0,6155.0,1.0
245,2018-08-07 10:35:19,245,245,52016.0,AA00004,AAA9101004,178.0,115.89231408110697,28.6943438327936,1.0,0.0,0.0,0.0,0.0,25.0,6155.0,1.0
246,2018-08-07 10:35:20,246,246,52017.0,AA00004,AAA9101004,183.0,115.89230927860896,28.694283999310784,1.0,0.0,0.0,0.0,0.0,25.0,6155.0,1.0
247,2018-08-07 10:35:21,247,247,52018.0,AA00004,AAA9101004,185.0,115.89230358455153,28.694230352818607,1.0,0.0,0.0,0.0,0.0,22.0,6155.0,1.0
248,2018-08-07 10:35:22,248,248,52019.0,AA00004,AAA9101004,183.0,115.89229813410815,28.694184350721574,1.0,0.0,0.0,0.0,0.0,15.0,6155.0,1.0
249,2018-08-07 10:35:23,249,249,52020.0,AA00004,AAA9101004,185.0,115.8922936605808,28.694142055301608,1.0,0.0,0.0,0.0,0.0,16.0,6155.0,1.0
250,2018-08-07 10:35:24,250,250,52021.0,AA00004,AAA9101004,178.0,115.89228966547995,28.69410163057936,1.0,0.0,0.0,0.0,0.0,15.0,6155.0,1.0
251,2018-08-07 10:35:25,251,251,52022.0,AA00004,AAA9101004,185.0,115.8922857425101,28.694062555251133,1.0,0.0,0.0,0.0,0.0,15.0,6155.0,1.0
252,2018-08-07 10:35:26,252,252,52023.0,AA00004,AAA9101004,185.0,115.89228228433292,28.694024988640866,1.0,0.0,0.0,0.0,0.0,16.0,6155.0,1.0
253,2018-08-07 10:35:27,253,253,52024.0,AA00004,AAA9101004,185.0,115.89227959097198,28.693990335449474,1.0,0.0,0.0,0.0,0.0,14.0,6155.0,1.0
254,2018-08-07 10:35:28,254,254,52025.0,AA00004,AAA9101004,180.0,115.89227769693103,28.69395881491425,1.0,0.0,0.0,0.0,0.0,11.0,6155.0,1.0
255,2018-08-07 10:35:29,255,255,52026.0,AA00004,AAA9101004,179.0,115.89227590946703,28.693929423305995,1.0,0.0,0.0,0.0,0.0,13.0,6155.0,1.0
256,2018-08-07 10:35:30,256,256,52027.0,AA00004,AAA9101004,179.0,115.8922743705649,28.693901792422388,1.0,0.0,0.0,0.0,0.0,0.0,6155.0,1.0
257,2018-08-07 10:35:31,257,257,52028.0,AA00004,AAA9101004,181.0,115.89227224606239,28.693872290620597,1.0,0.0,0.0,0.0,0.0,12.0,6155.0,1.0
258,2018-08-07 10:35:32,258,258,52029.0,AA00004,AAA9101004,188.0,115.89226826501833,28.693839863191503,1.0,0.0,0.0,0.0,0.0,12.0,6155.0,1.0
259,2018-08-07 10:35:33,259,259,52030.0,AA00004,AAA9101004,191.0,115.89226295172452,28.69380229462044,1.0,0.0,0.0,0.0,0.0,14.0,6155.0,1.0
260,2018-08-07 10:35:34,260,260,52031.0,AA00004,AAA9101004,186.0,115.89225819316957,28.693758256262065,1.0,0.0,0.0,0.0,0.0,17.0,6155.0,1.0
261,2018-08-07 10:35:35,261,261,52032.0,AA00004,AAA9101004,189.0,115.89225383886604,28.69370837779625,1.0,0.0,0.0,0.0,0.0,19.0,6155.0,1.0
262,2018-08-07 10:35:36,262,262,52033.0,AA00004,AAA9101004,186.0,115.89225047628652,28.693651584972063,1.0,0.0,0.0,0.0,0.0,19.0,6155.0,1.0
263,2018-08-07 10:35:37,263,263,52034.0,AA00004,AAA9101004,188.0,115.89224622644329,28.693589224122988,1.0,0.0,0.0,0.0,0.0,27.0,6155.0,1.0
264,2018-08-07 10:35:38,264,264,52035.0,AA00004,AAA9101004,186.0,115.89224138783875,28.69352288342476,1.0,0.0,0.0,0.0,0.0,28.0,6155.0,1.0
265,2018-08-07 10:35:39,265,265,52036.0,AA00004,AAA9101004,179.0,115.89223788273792,28.693455700259946,1.0,0.0,0.0,0.0,0.0,27.0,6155.0,1.0
266,2018-08-07 10:35:40,266,266,52037.0,AA00004,AAA9101004,184.0,115.8922350934451,28.69338875689441,1.0,0.0,0.0,0.0,0.0,26.0,6155.0,1.0
267,2018-08-07 10:35:41,267,267,52038.0,AA00004,AAA9101004,180.0,115.89223092276615,28.69332251421035,1.0,0.0,0.0,0.0,0.0,25.0,6155.0,1.0
268,2018-08-07 10:35:42,268,268,52039.0,AA00004,AAA9101004,189.0,115.89222481432174,28.693257948894622,1.0,0.0,0.0,0.0,0.0,24.0,6155.0,1.0
269,2018-08-07 10:35:43,269,269,52040.0,AA00004,AAA9101004,185.0,115.89221837315749,28.69319238560074,1.0,0.0,0.0,0.0,0.0,26.0,6155.0,1.0
270,2018-08-07 10:35:44,270,270,52041.0,AA00004,AAA9101004,185.0,115.89221264520339,28.693125982434072,1.0,0.0,0.0,0.0,0.0,26.0,6155.0,1.0
271,2018-08-07 10:35:45,271,271,52042.0,AA00004,AAA9101004,186.0,115.8922063030225,28.693057749630498,1.0,0.0,0.0,0.0,0.0,26.0,6155.0,1.0
272,2018-08-07 10:35:46,272,272,52043.0,AA00004,AAA9101004,188.0,115.89220062556939,28.692989041771234,1.0,0.0,0.0,0.0,0.0,26.0,6155.0,1.0
273,2018-08-07 10:35:47,273,273,52044.0,AA00004,AAA9101004,180.0,115.89219813168923,28.69292038847871,1.0,0.0,0.0,0.0,0.0,25.0,6155.0,1.0
274,2018-08-07 10:35:48,274,274,52045.0,AA00004,AAA9101004,187.0,115.89219972955217,28.69285058219004,1.0,0.0,0.0,0.0,0.0,26.0,6155.0,1.0
275,2018-08-07 10:35:49,275,275,52046.0,AA00004,AAA9101004,174.0,115.89220805244399,28.692780036902985,1.0,0.0,0.0,0.0,0.0,26.0,6155.0,1.0
276,2018-08-07 10:35:50,276,276,52047.0,AA00004,AAA9101004,173.0,115.89221356764578,28.69271155137653,1.0,0.0,0.0,0.0,0.0,24.0,6155.0,1.0
277,2018-08-07 10:35:51,277,277,52048.0,AA00004,AAA9101004,180.0,115.89221356321544,28.692644355589525,1.0,0.0,0.0,0.0,0.0,25.0,6155.0,2.0
278,2018-08-07 10:35:52,278,278,,AA00004,AAA9101004,180.0,115.892207538959,28.69257834292805,1.0,0.0,0.0,0.0,0.0,25.5,6155.0,
279,2018-08-07 10:35:53,279,279,52049.0,AA00004,AAA9101004,182.0,115.89219948592395,28.692514137494907,1.0,0.0,0.0,0.0,0.0,26.0,6155.0,1.0
280,2018-08-07 10:35:54,280,280,52050.0,AA00004,AAA9101004,183.0,115.89219069011854,28.692454773031674,1.0,0.0,0.0,0.0,0.0,21.0,6155.0,1.0
281,2018-08-07 10:35:55,281,281,52051.0,AA00004,AAA9101004,185.0,115.89218136942826,28.692399779400727,1.0,0.0,0.0,0.0,0.0,21.0,6155.0,1.0
282,2018-08-07 10:35:56,282,282,52052.0,AA00004,AAA9101004,185.0,115.89217089038115,28.692348194007394,1.0,0.0,0.0,0.0,0.0,22.0,6155.0,1.0
283,2018-08-07 10:35:57,283,283,52053.0,AA00004,AAA9101004,186.0,115.89215845268602,28.692301386482843,1.0,0.0,0.0,0.0,0.0,16.0,6155.0,1.0
284,2018-08-07 10:35:58,284,284,52054.0,AA00004,AAA9101004,181.0,115.89214541987555,28.692260567484894,1.0,0.0,0.0,0.0,0.0,14.0,6155.0,1.0
285,2018-08-07 10:35:59,285,285,52055.0,AA00004,AAA9101004,183.0,115.89213616143068,28.692227888447867,1.0,0.0,0.0,0.0,0.0,11.0,6155.0,1.0
286,2018-08-07 10:36:00,286,286,52056.0,AA00004,AAA9101004,176.0,115.8921317803356,28.69220466719958,1.0,0.0,0.0,0.0,0.0,0.0,6155.0,1.0
287,2018-08-07 10:36:01,287,287,52057.0,AA00004,AAA9101004,155.0,115.89213173867527,28.69218711836473,1.0,0.0,0.0,0.0,0.0,0.0,6155.0,1.0
288,2018-08-07 10:36:02,288,288,52058.0,AA00004,AAA9101004,132.0,115.89213490842285,28.69217103946421,1.0,0.0,0.0,0.0,0.0,0.0,6155.0,1.0
289,2018-08-07 10:36:03,289,289,52059.0,AA00004,AAA9101004,123.0,115.89213842120003,28.69215415915387,1.0,0.0,0.0,0.0,0.0,0.0,6155.0,1.0
290,2018-08-07 10:36:04,290,290,52060.0,AA00004,AAA9101004,185.0,115.89214230527635,28.692135596039925,1.0,0.0,0.0,0.0,0.0,15.0,6155.0,1.0
291,2018-08-07 10:36:05,291,291,52061.0,AA00004,AAA9101004,146.0,115.89214682587775,28.692120505246216,1.0,0.0,0.0,0.0,0.0,0.0,6155.0,1.0
292,2018-08-07 10:36:06,292,292,52062.0,AA00004,AAA9101004,146.0,115.89215159977972,28.692109644425454,1.0,0.0,0.0,0.0,0.0,0.0,6155.0,1.0
293,2018-08-07 10:36:07,293,293,52063.0,AA00004,AAA9101004,146.0,115.89215543152048,28.6921015757666,1.0,0.0,0.0,0.0,0.0,0.0,6155.0,1.0
294,2018-08-07 10:36:08,294,294,52064.0,AA00004,AAA9101004,146.0,115.89215712373766,28.692095780751988,1.0,0.0,0.0,0.0,0.0,0.0,6155.0,1.0
295,2018-08-07 10:36:09,295,295,52065.0,AA00004,AAA9101004,146.0,115.89215798620964,28.692095006517153,1.0,0.0,0.0,0.0,0.0,0.0,6155.0,1.0
296,2018-08-07 10:36:10,296,296,52066.0,AA00004,AAA9101004,146.0,115.89215868164362,28.692096008256296,1.0,0.0,0.0,0.0,0.0,0.0,6155.0,1.0
297,2018-08-07 10:36:11,297,297,52067.0,AA00004,AAA9101004,146.0,115.89215944841341,28.69209668928863,1.0,0.0,0.0,0.0,0.0,0.0,6155.0,1.0
298,2018-08-07 10:36:12,298,298,52068.0,AA00004,AAA9101004,146.0,115.89215948406711,28.692097692240647,1.0,0.0,0.0,0.0,0.0,0.0,6155.0,1.0
299,2018-08-07 10:36:13,299,299,52069.0,AA00004,AAA9101004,146.0,115.89215882562046,28.692099279069303,1.0,0.0,0.0,0.0,0.0,0.0,6155.0,1.0
300,2018-08-07 10:36:14,300,300,52070.0,AA00004,AAA9101004,146.0,115.89215838463952,28.692100221881777,1.0,0.0,0.0,0.0,0.0,0.0,6155.0,1.0
301,2018-08-07 10:36:15,301,301,52071.0,AA00004,AAA9101004,146.0,115.89215816453266,28.6921006727644,1.0,0.0,0.0,0.0,0.0,0.0,6155.0,1.0
302,2018-08-07 10:36:16,302,302,52072.0,AA00004,AAA9101004,146.0,115.89215806719358,28.69210086784671,1.0,0.0,0.0,0.0,0.0,0.0,6155.0,1.0
303,2018-08-07 10:36:17,303,303,52073.0,AA00004,AAA9101004,146.0,115.89215802717452,28.692100947023746,1.0,0.0,0.0,0.0,0.0,0.0,6155.0,2.0
304,2018-08-07 10:36:18,304,304,,AA00004,AAA9101004,146.0,115.89215801168426,28.692100977434418,1.0,0.0,0.0,0.0,0.0,0.0,6155.0,
305,2018-08-07 10:36:19,305,305,52074.0,AA00004,AAA9101004,146.0,115.89215800476263,28.692100990856485,1.0,0.0,0.0,0.0,0.0,0.0,6155.0,1.0
306,2018-08-07 10:36:20,306,306,52075.0,AA00004,AAA9101004,146.0,115.89215800187438,28.692100996416208,1.0,0.0,0.0,0.0,0.0,0.0,6155.0,1.0
307,2018-08-07 10:36:21,307,307,52076.0,AA00004,AAA9101004,146.0,115.89215800071959,28.692100998628234,1.0,0.0,0.0,0.0,0.0,0.0,6155.0,1.0
308,2018-08-07 10:36:22,308,308,52077.0,AA00004,AAA9101004,146.0,115.89215800027118,28.692100999484072,1.0,0.0,0.0,0.0,0.0,0.0,6155.0,1.0
309,2018-08-07 10:36:23,309,309,52078.0,AA00004,AAA9101004,146.0,115.89215800010071,28.692100999808282,1.0,0.0,0.0,0.0,0.0,0.0,6155.0,1.0
310,2018-08-07 10:36:24,310,310,52079.0,AA00004,AAA9101004,146.0,115.8921580000369,28.692100999928574,1.0,0.0,0.0,0.0,0.0,0.0,6155.0,1.0
311,2018-08-07 10:36:25,311,311,52080.0,AA00004,AAA9101004,146.0,115.89215800001318,28.69210099997084,1.0,0.0,0.0,0.0,0.0,0.0,6155.0,1.0
312,2018-08-07 10:36:26,312,312,52081.0,AA00004,AAA9101004,146.0,115.89215800000404,28.692100999980354,1.0,0.0,0.0,0.0,0.0,0.0,6155.0,1.0
313,2018-08-07 10:36:27,313,313,52082.0,AA00004,AAA9101004,146.0,115.89215799999938,28.692100999966975,1.0,0.0,0.0,0.0,0.0,0.0,6155.0,1.0
314,2018-08-07 10:36:28,314,314,52083.0,AA00004,AAA9101004,146.0,115.89215799999388,28.69210099991452,1.0,0.0,0.0,0.0,0.0,0.0,6155.0,1.0
315,2018-08-07 10:36:29,315,315,52084.0,AA00004,AAA9101004,146.0,115.89215799998114,28.692100999761436,1.0,0.0,0.0,0.0,0.0,0.0,6155.0,1.0
316,2018-08-07 10:36:30,316,316,52085.0,AA00004,AAA9101004,146.0,115.8921579999464,28.69210099933015,1.0,0.0,0.0,0.0,0.0,0.0,6155.0,1.0
317,2018-08-07 10:36:31,317,317,52086.0,AA00004,AAA9101004,146.0,115.89215799984973,28.692100998126197,1.0,0.0,0.0,0.0,0.0,0.0,6155.0,1.0
318,2018-08-07 10:36:32,318,318,52087.0,AA00004,AAA9101004,146.0,115.89215799958163,28.692100994788262,1.0,0.0,0.0,0.0,0.0,0.0,6155.0,1.0
319,2018-08-07 10:36:33,319,319,52088.0,AA00004,AAA9101004,146.0,115.8921579988432,28.692100985604004,1.0,0.0,0.0,0.0,0.0,0.0,6155.0,1.0
320,2018-08-07 10:36:34,320,320,52089.0,AA00004,AAA9101004,146.0,115.89215799682722,28.69210096056155,1.0,0.0,0.0,0.0,0.0,0.0,6155.0,1.0
321,2018-08-07 10:36:35,321,321,52090.0,AA00004,AAA9101004,146.0,115.89215799138236,28.692100893030002,1.0,0.0,0.0,0.0,0.0,0.0,6155.0,1.0
322,2018-08-07 10:36:36,322,322,52091.0,AA00004,AAA9101004,146.0,115.89215797687257,28.692100713419,1.0,0.0,0.0,0.0,0.0,0.0,6155.0,1.0
323,2018-08-07 10:36:37,323,323,52092.0,AA00004,AAA9101004,146.0,115.8921579388645,28.692100244130323,1.0,0.0,0.0,0.0,0.0,0.0,6155.0,1.0
324,2018-08-07 10:36:38,324,324,52093.0,AA00004,AAA9101004,146.0,115.89215784154668,28.692099046692952,1.0,0.0,0.0,0.0,0.0,0.0,6155.0,1.0
325,2018-08-07 10:36:39,325,325,52094.0,AA00004,AAA9101004,146.0,115.89215760014365,28.69209609110017,1.0,0.0,0.0,0.0,0.0,0.0,6155.0,1.0
326,2018-08-07 10:36:40,326,326,52095.0,AA00004,AAA9101004,146.0,115.89215702889102,28.692089150920072,1.0,0.0,0.0,0.0,0.0,0.0,6155.0,1.0
327,2018-08-07 10:36:41,327,327,52096.0,AA00004,AAA9101004,146.0,115.89215577795105,28.69207415991982,1.0,0.0,0.0,0.0,0.0,0.0,6155.0,1.0
328,2018-08-07 10:36:42,328,328,52097.0,AA00004,AAA9101004,157.0,115.89215342553253,28.69204682605945,1.0,0.0,0.0,0.0,0.0,0.0,6155.0,1.0
329,2018-08-07 10:36:43,329,329,52098.0,AA00004,AAA9101004,177.0,115.892150605633,28.69201819734673,1.0,0.0,0.0,0.0,0.0,12.0,6155.0,1.0
330,2018-08-07 10:36:44,330,330,52099.0,AA00004,AAA9101004,186.0,115.89214230853182,28.69199253683256,1.0,0.0,0.0,0.0,0.0,15.0,6155.0,1.0
331,2018-08-07 10:36:45,331,331,52100.0,AA00004,AAA9101004,170.0,115.89213120692051,28.691972692011436,1.0,0.0,0.0,0.0,0.0,0.0,6155.0,1.0
332,2018-08-07 10:36:46,332,332,52101.0,AA00004,AAA9101004,185.0,115.89211910606063,28.691956289163016,1.0,0.0,0.0,0.0,0.0,0.0,6155.0,1.0
333,2018-08-07 10:36:47,333,333,52102.0,AA00004,AAA9101004,191.0,115.89210836622127,28.69193811032717,1.0,0.0,0.0,0.0,0.0,0.0,6155.0,1.0
334,2018-08-07 10:36:48,334,334,52103.0,AA00004,AAA9101004,185.0,115.89209758287805,28.691916679909223,1.0,0.0,0.0,0.0,0.0,0.0,6155.0,1.0
335,2018-08-07 10:36:49,335,335,52104.0,AA00004,AAA9101004,185.0,115.89208457221667,28.69189061926547,1.0,0.0,0.0,0.0,0.0,0.0,6155.0,1.0
336,2018-08-07 10:36:50,336,336,52105.0,AA00004,AAA9101004,179.0,115.89206733929694,28.691857525428773,1.0,0.0,0.0,0.0,0.0,12.0,6155.0,1.0
337,2018-08-07 10:36:51,337,337,52106.0,AA00004,AAA9101004,180.0,115.8920531989517,28.69182389336197,1.0,0.0,0.0,0.0,0.0,0.0,6155.0,1.0
338,2018-08-07 10:36:52,338,338,52107.0,AA00004,AAA9101004,183.0,115.89204631987383,28.691786586542463,1.0,0.0,0.0,0.0,0.0,0.0,6155.0,1.0
339,2018-08-07 10:36:53,339,339,52108.0,AA00004,AAA9101004,187.0,115.89204291499586,28.69174905323693,1.0,0.0,0.0,0.0,0.0,14.0,6155.0,1.0
340,2018-08-07 10:36:54,340,340,52109.0,AA00004,AAA9101004,186.0,115.89204253790406,28.691720305484395,1.0,0.0,0.0,0.0,0.0,0.0,6155.0,1.0
341,2018-08-07 10:36:55,341,341,52110.0,AA00004,AAA9101004,186.0,115.89204399751414,28.69169852921498,1.0,0.0,0.0,0.0,0.0,0.0,6155.0,1.0
342,2018-08-07 10:36:56,342,342,52111.0,AA00004,AAA9101004,186.0,115.89204645323846,28.691683833004763,1.0,0.0,0.0,0.0,0.0,0.0,6155.0,1.0
343,2018-08-07 10:36:57,343,343,52112.0,AA00004,AAA9101004,186.0,115.89204993976718,28.691672710272318,1.0,0.0,0.0,0.0,0.0,0.0,6155.0,1.0
344,2018-08-07 10:36:58,344,344,52113.0,AA00004,AAA9101004,186.0,115.89205463623303,28.691660717337093,1.0,0.0,0.0,0.0,0.0,0.0,6155.0,1.0
345,2018-08-07 10:36:59,345,345,52114.0,AA00004,AAA9101004,171.0,115.89206046816844,28.691641593931685,1.0,0.0,0.0,0.0,0.0,0.0,6155.0,1.0
346,2018-08-07 10:37:00,346,346,52115.0,AA00004,AAA9101004,176.0,115.89206745612509,28.691615730315828,1.0,0.0,0.0,0.0,0.0,0.0,6155.0,2.0
347,2018-08-07 10:37:01,347,347,,AA00004,AAA9101004,176.0,115.89207788329486,28.691582398041632,1.0,0.0,0.0,0.0,0.0,8.0,6155.0,
348,2018-08-07 10:37:02,348,348,52116.0,AA00004,AAA9101004,158.0,115.89209160778358,28.691546586113684,1.0,0.0,0.0,0.0,0.0,16.0,6155.0,1.0
349,2018-08-07 10:37:03,349,349,52117.0,AA00004,AAA9101004,150.0,115.89211288412407,28.69150997733011,1.0,0.0,0.0,0.0,0.0,17.0,6155.0,1.0
350,2018-08-07 10:37:04,350,350,52118.0,AA00004,AAA9101004,140.0,115.89214167014765,28.69147466812539,1.0,0.0,0.0,0.0,0.0,18.0,6155.0,1.0
351,2018-08-07 10:37:05,351,351,52119.0,AA00004,AAA9101004,135.0,115.89217663065341,28.691442674511517,1.0,0.0,0.0,0.0,0.0,18.0,6155.0,1.0
352,2018-08-07 10:37:06,352,352,52120.0,AA00004,AAA9101004,124.0,115.89221735838983,28.691416488361362,1.0,0.0,0.0,0.0,0.0,18.0,6155.0,1.0
353,2018-08-07 10:37:07,353,353,52121.0,AA00004,AAA9101004,113.0,115.89226335011716,28.691396726046065,1.0,0.0,0.0,0.0,0.0,17.0,6155.0,1.0
354,2018-08-07 10:37:08,354,354,52122.0,AA00004,AAA9101004,106.0,115.89231495384979,28.691382314476595,1.0,0.0,0.0,0.0,0.0,18.0,6155.0,1.0
355,2018-08-07 10:37:09,355,355,52123.0,AA00004,AAA9101004,101.0,115.89237251143811,28.69137079187077,1.0,0.0,0.0,0.0,0.0,20.0,6155.0,1.0
356,2018-08-07 10:37:10,356,356,52124.0,AA00004,AAA9101004,99.0,115.89243618622537,28.69135966437571,1.0,0.0,0.0,0.0,0.0,22.0,6155.0,1.0
357,2018-08-07 10:37:11,357,357,52125.0,AA00004,AAA9101004,100.0,115.89250539403136,28.69134787723103,1.0,0.0,0.0,0.0,0.0,25.0,6155.0,1.0
358,2018-08-07 10:37:12,358,358,52126.0,AA00004,AAA9101004,100.0,115.89257962844772,28.69133501681593,1.0,0.0,0.0,0.0,0.0,27.0,6155.0,1.0
359,2018-08-07 10:37:13,359,359,52127.0,AA00004,AAA9101004,98.0,115.89265853139347,28.691321621639005,1.0,0.0,0.0,0.0,0.0,28.0,6155.0,1.0
360,2018-08-07 10:37:14,360,360,52128.0,AA00004,AAA9101004,97.0,115.89274231449636,28.691308569894282,1.0,0.0,0.0,0.0,0.0,30.0,6155.0,1.0
361,2018-08-07 10:37:15,361,361,52129.0,AA00004,AAA9101004,95.0,115.89283069539822,28.69129653930792,1.0,0.0,0.0,0.0,0.0,32.0,6155.0,1.0
362,2018-08-07 10:37:16,362,362,52130.0,AA00004,AAA9101004,100.0,115.89292253055228,28.691284306730573,1.0,0.0,0.0,0.0,0.0,33.0,6155.0,1.0
363,2018-08-07 10:37:17,363,363,52131.0,AA00004,AAA9101004,96.0,115.89301566748686,28.6912727472643,1.0,0.0,0.0,0.0,0.0,32.0,6155.0,1.0
364,2018-08-07 10:37:18,364,364,52132.0,AA00004,AAA9101004,96.0,115.89310868718532,28.69126218333199,1.0,0.0,0.0,0.0,0.0,33.0,6155.0,1.0
365,2018-08-07 10:37:19,365,365,52133.0,AA00004,AAA9101004,94.0,115.89320045662902,28.691252455212737,1.0,0.0,0.0,0.0,0.0,32.0,6155.0,1.0
366,2018-08-07 10:37:20,366,366,52134.0,AA00004,AAA9101004,93.0,115.89329066258391,28.69124351127125,1.0,0.0,0.0,0.0,0.0,31.0,6155.0,1.0
367,2018-08-07 10:37:21,367,367,52135.0,AA00004,AAA9101004,92.0,115.89337938605365,28.691234777404844,1.0,0.0,0.0,0.0,0.0,30.0,6155.0,1.0
368,2018-08-07 10:37:22,368,368,52136.0,AA00004,AAA9101004,96.0,115.8934669476989,28.691225319947947,1.0,0.0,0.0,0.0,0.0,31.0,6155.0,1.0
369,2018-08-07 10:37:23,369,369,52137.0,AA00004,AAA9101004,96.0,115.89355346196778,28.691214469990964,1.0,0.0,0.0,0.0,0.0,30.0,6155.0,1.0
370,2018-08-07 10:37:24,370,370,52138.0,AA00004,AAA9101004,94.0,115.89363812923405,28.691202659935666,1.0,0.0,0.0,0.0,0.0,26.0,6155.0,1.0
371,2018-08-07 10:37:25,371,371,52139.0,AA00004,AAA9101004,97.0,115.89372338872727,28.69119050674817,1.0,0.0,0.0,0.0,0.0,32.0,6155.0,1.0
372,2018-08-07 10:37:26,372,372,52140.0,AA00004,AAA9101004,96.0,115.89380761361056,28.691178319469437,1.0,0.0,0.0,0.0,0.0,29.0,6155.0,1.0
373,2018-08-07 10:37:27,373,373,52141.0,AA00004,AAA9101004,95.0,115.89388930816145,28.691167207449425,1.0,0.0,0.0,0.0,0.0,29.0,6155.0,1.0
374,2018-08-07 10:37:28,374,374,52142.0,AA00004,AAA9101004,95.0,115.89396629495668,28.69115697754207,1.0,0.0,0.0,0.0,0.0,28.0,6155.0,1.0
375,2018-08-07 10:37:29,375,375,52143.0,AA00004,AAA9101004,95.0,115.89403583599652,28.691147625601158,1.0,0.0,0.0,0.0,0.0,24.0,6155.0,1.0
376,2018-08-07 10:37:30,376,376,52144.0,AA00004,AAA9101004,94.0,115.89409633440496,28.691139741094347,1.0,0.0,0.0,0.0,0.0,19.0,6156.0,1.0
377,2018-08-07 10:37:31,377,377,52145.0,AA00004,AAA9101004,111.0,115.89414748621793,28.69113492060195,1.0,0.0,0.0,0.0,0.0,16.0,6156.0,1.0
378,2018-08-07 10:37:32,378,378,52146.0,AA00004,AAA9101004,94.0,115.89419036991491,28.691130811126463,1.0,0.0,0.0,0.0,0.0,14.0,6156.0,1.0
379,2018-08-07 10:37:33,379,379,52147.0,AA00004,AAA9101004,101.0,115.89422645577571,28.691127115633087,1.0,0.0,0.0,0.0,0.0,13.0,6156.0,1.0
380,2018-08-07 10:37:34,380,380,52148.0,AA00004,AAA9101004,100.0,115.89425634549471,28.69112499211,1.0,0.0,0.0,0.0,0.0,12.0,6156.0,1.0
381,2018-08-07 10:37:35,381,381,52149.0,AA00004,AAA9101004,89.0,115.89427942684036,28.691126000644854,1.0,0.0,0.0,0.0,0.0,0.0,6156.0,1.0
382,2018-08-07 10:37:36,382,382,52150.0,AA00004,AAA9101004,97.0,115.89429785164222,28.691131097645474,1.0,0.0,0.0,0.0,0.0,0.0,6156.0,1.0
383,2018-08-07 10:37:37,383,383,52151.0,AA00004,AAA9101004,98.0,115.89431313427554,28.69114138438994,1.0,0.0,0.0,0.0,0.0,0.0,6156.0,1.0
384,2018-08-07 10:37:38,384,384,52152.0,AA00004,AAA9101004,103.0,115.89432764816232,28.691151851592675,1.0,0.0,0.0,0.0,0.0,0.0,6156.0,1.0
385,2018-08-07 10:37:39,385,385,52153.0,AA00004,AAA9101004,97.0,115.89434688148252,28.691157280199754,1.0,0.0,0.0,0.0,0.0,0.0,6156.0,1.0
386,2018-08-07 10:37:40,386,386,52154.0,AA00004,AAA9101004,94.0,115.89437156814644,28.691159060055412,1.0,0.0,0.0,0.0,0.0,0.0,6156.0,1.0
387,2018-08-07 10:37:41,387,387,52155.0,AA00004,AAA9101004,98.0,115.89440104822602,28.69115911092602,1.0,0.0,0.0,0.0,0.0,10.0,6156.0,1.0
388,2018-08-07 10:37:42,388,388,52156.0,AA00004,AAA9101004,88.0,115.89443567645085,28.691158210447224,1.0,0.0,0.0,0.0,0.0,11.0,6156.0,1.0
389,2018-08-07 10:37:43,389,389,52157.0,AA00004,AAA9101004,88.0,115.89447509971029,28.691156185279144,1.0,0.0,0.0,0.0,0.0,14.0,6156.0,1.0
390,2018-08-07 10:37:44,390,390,52158.0,AA00004,AAA9101004,97.0,115.89451797963424,28.691153073320887,1.0,0.0,0.0,0.0,0.0,17.0,6156.0,1.0
391,2018-08-07 10:37:45,391,391,52159.0,AA00004,AAA9101004,98.0,115.89456305266535,28.69114927115907,1.0,0.0,0.0,0.0,0.0,17.0,6156.0,1.0
392,2018-08-07 10:37:46,392,392,52160.0,AA00004,AAA9101004,89.0,115.8946095655127,28.691146803210252,1.0,0.0,0.0,0.0,0.0,16.0,6156.0,1.0
393,2018-08-07 10:37:47,393,393,52161.0,AA00004,AAA9101004,90.0,115.89465692541215,28.691145366843323,1.0,0.0,0.0,0.0,0.0,18.0,6156.0,1.0
394,2018-08-07 10:37:48,394,394,52162.0,AA00004,AAA9101004,86.0,115.89470398677526,28.691144173066593,1.0,0.0,0.0,0.0,0.0,15.0,6156.0,1.0
395,2018-08-07 10:37:49,395,395,52163.0,AA00004,AAA9101004,84.0,115.89475074435535,28.69114242196494,1.0,0.0,0.0,0.0,0.0,14.0,6156.0,1.0
396,2018-08-07 10:37:50,396,396,52164.0,AA00004,AAA9101004,90.0,115.89479820816604,28.69113931005457,1.0,0.0,0.0,0.0,0.0,14.0,6156.0,1.0
397,2018-08-07 10:37:51,397,397,52165.0,AA00004,AAA9101004,95.0,115.89484794162671,28.691135035912993,1.0,0.0,0.0,0.0,0.0,16.0,6156.0,1.0
398,2018-08-07 10:37:52,398,398,52166.0,AA00004,AAA9101004,96.0,115.89490181101674,28.69112972824998,1.0,0.0,0.0,0.0,0.0,17.0,6156.0,1.0
399,2018-08-07 10:37:53,399,399,52167.0,AA00004,AAA9101004,95.0,115.89496025346374,28.691122479440686,1.0,0.0,0.0,0.0,0.0,18.0,6156.0,1.0
400,2018-08-07 10:37:54,400,400,52168.0,AA00004,AAA9101004,97.0,115.89502368885678,28.691113077545136,1.0,0.0,0.0,0.0,0.0,21.0,6156.0,1.0
401,2018-08-07 10:37:55,401,401,52169.0,AA00004,AAA9101004,97.0,115.89509284907137,28.691101886215275,1.0,0.0,0.0,0.0,0.0,23.0,6156.0,1.0
402,2018-08-07 10:37:56,402,402,52170.0,AA00004,AAA9101004,96.0,115.8951681506705,28.69108974116971,1.0,0.0,0.0,0.0,0.0,25.0,6156.0,1.0
403,2018-08-07 10:37:57,403,403,52171.0,AA00004,AAA9101004,102.0,115.89524871716442,28.69107692715716,1.0,0.0,0.0,0.0,0.0,30.0,6156.0,1.0
404,2018-08-07 10:37:58,404,404,52172.0,AA00004,AAA9101004,96.0,115.89533309297542,28.691064206130427,1.0,0.0,0.0,0.0,0.0,30.0,6156.0,1.0
405,2018-08-07 10:37:59,405,405,52173.0,AA00004,AAA9101004,96.0,115.89541972923716,28.691050913459954,1.0,0.0,0.0,0.0,0.0,32.0,6156.0,1.0
406,2018-08-07 10:38:00,406,406,52174.0,AA00004,AAA9101004,97.0,115.89550756351292,28.691036282642948,1.0,0.0,0.0,0.0,0.0,32.0,6156.0,1.0
407,2018-08-07 10:38:01,407,407,52175.0,AA00004,AAA9101004,99.0,115.89559562842122,28.691019721365812,1.0,0.0,0.0,0.0,0.0,31.0,6156.0,1.0
408,2018-08-07 10:38:02,408,408,52176.0,AA00004,AAA9101004,99.0,115.8956843662471,28.691002167581036,1.0,0.0,0.0,0.0,0.0,31.0,6156.0,1.0
409,2018-08-07 10:38:03,409,409,52177.0,AA00004,AAA9101004,99.0,115.89577489273847,28.690984202048167,1.0,0.0,0.0,0.0,0.0,32.0,6156.0,1.0
410,2018-08-07 10:38:04,410,410,52178.0,AA00004,AAA9101004,99.0,115.89586704695118,28.690966803429188,1.0,0.0,0.0,0.0,0.0,33.0,6156.0,1.0
411,2018-08-07 10:38:05,411,411,52179.0,AA00004,AAA9101004,99.0,115.89596162307846,28.690950301383502,1.0,0.0,0.0,0.0,0.0,34.0,6156.0,1.0
412,2018-08-07 10:38:06,412,412,52180.0,AA00004,AAA9101004,99.0,115.89605861084246,28.690934175689826,1.0,0.0,0.0,0.0,0.0,35.0,6156.0,1.0
413,2018-08-07 10:38:07,413,413,52181.0,AA00004,AAA9101004,98.0,115.89615793438625,28.690918373354485,1.0,0.0,0.0,0.0,0.0,35.0,6156.0,1.0
414,2018-08-07 10:38:08,414,414,52182.0,AA00004,AAA9101004,97.0,115.89625927037434,28.690901584971126,1.0,0.0,0.0,0.0,0.0,36.0,6156.0,1.0
415,2018-08-07 10:38:09,415,415,52183.0,AA00004,AAA9101004,99.0,115.89636240164658,28.690882790663082,1.0,0.0,0.0,0.0,0.0,37.0,6156.0,1.0
416,2018-08-07 10:38:10,416,416,52184.0,AA00004,AAA9101004,100.0,115.89646602552934,28.690861751114365,1.0,0.0,0.0,0.0,0.0,38.0,6156.0,1.0
417,2018-08-07 10:38:11,417,417,52185.0,AA00004,AAA9101004,99.0,115.89656762953967,28.690837991918894,1.0,0.0,0.0,0.0,0.0,36.0,6156.0,1.0
418,2018-08-07 10:38:12,418,418,52186.0,AA00004,AAA9101004,102.0,115.89666645594089,28.690809599116434,1.0,0.0,0.0,0.0,0.0,36.0,6156.0,1.0
419,2018-08-07 10:38:13,419,419,52187.0,AA00004,AAA9101004,113.0,115.89676037140075,28.690774869499496,1.0,0.0,0.0,0.0,0.0,36.0,6156.0,1.0
420,2018-08-07 10:38:14,420,420,52188.0,AA00004,AAA9101004,116.0,115.8968494850889,28.690733865177886,1.0,0.0,0.0,0.0,0.0,36.0,6156.0,1.0
421,2018-08-07 10:38:15,421,421,52189.0,AA00004,AAA9101004,122.0,115.89693116995105,28.690688091669177,1.0,0.0,0.0,0.0,0.0,33.0,6156.0,1.0
422,2018-08-07 10:38:16,422,422,52190.0,AA00004,AAA9101004,126.0,115.89700364175144,28.69063912977939,1.0,0.0,0.0,0.0,0.0,31.0,6156.0,1.0
423,2018-08-07 10:38:17,423,423,52191.0,AA00004,AAA9101004,133.0,115.89706534684055,28.69058886099155,1.0,0.0,0.0,0.0,0.0,30.0,6156.0,1.0
424,2018-08-07 10:38:18,424,424,52192.0,AA00004,AAA9101004,143.0,115.89711535542139,28.690539033826,1.0,0.0,0.0,0.0,0.0,26.0,6156.0,1.0
425,2018-08-07 10:38:19,425,425,52193.0,AA00004,AAA9101004,146.0,115.8971568192858,28.690491027576332,1.0,0.0,0.0,0.0,0.0,24.0,6156.0,1.0
426,2018-08-07 10:38:20,426,426,52194.0,AA00004,AAA9101004,148.0,115.8971927746049,28.690445632737834,1.0,0.0,0.0,0.0,0.0,20.0,6156.0,1.0
427,2018-08-07 10:38:21,427,427,52195.0,AA00004,AAA9101004,145.0,115.89722623563753,28.690401571635746,1.0,0.0,0.0,0.0,0.0,18.0,6156.0,1.0
428,2018-08-07 10:38:22,428,428,52196.0,AA00004,AAA9101004,145.0,115.8972593407483,28.690356392793458,1.0,0.0,0.0,0.0,0.0,19.0,6156.0,1.0
429,2018-08-07 10:38:23,429,429,52197.0,AA00004,AAA9101004,147.0,115.8972928448692,28.690307221484463,1.0,0.0,0.0,0.0,0.0,22.0,6156.0,1.0
430,2018-08-07 10:38:24,430,430,52198.0,AA00004,AAA9101004,151.0,115.8973261514994,28.690252393227794,1.0,0.0,0.0,0.0,0.0,24.0,6156.0,1.0
431,2018-08-07 10:38:25,431,431,52199.0,AA00004,AAA9101004,156.0,115.89735841349693,28.690190903550505,1.0,0.0,0.0,0.0,0.0,27.0,6156.0,1.0
432,2018-08-07 10:38:26,432,432,52200.0,AA00004,AAA9101004,159.0,115.89738931688004,28.690123012555798,1.0,0.0,0.0,0.0,0.0,30.0,6156.0,1.0
433,2018-08-07 10:38:27,433,433,52201.0,AA00004,AAA9101004,160.0,115.89741957094098,28.690050021633574,1.0,0.0,0.0,0.0,0.0,32.0,6156.0,1.0
434,2018-08-07 10:38:28,434,434,52202.0,AA00004,AAA9101004,160.0,115.89744937388805,28.689973959783686,1.0,0.0,0.0,0.0,0.0,34.0,6156.0,1.0
435,2018-08-07 10:38:29,435,435,52203.0,AA00004,AAA9101004,157.0,115.89747848650876,28.68989759924713,1.0,0.0,0.0,0.0,0.0,32.0,6156.0,1.0
436,2018-08-07 10:38:30,436,436,52204.0,AA00004,AAA9101004,160.0,115.89750594512869,28.68982117321991,1.0,0.0,0.0,0.0,0.0,33.0,6156.0,1.0
437,2018-08-07 10:38:31,437,437,52205.0,AA00004,AAA9101004,162.0,115.89753088283076,28.6897454634774,1.0,0.0,0.0,0.0,0.0,32.0,6156.0,1.0
438,2018-08-07 10:38:32,438,438,52206.0,AA00004,AAA9101004,167.0,115.89755298520953,28.68967105667845,1.0,0.0,0.0,0.0,0.0,31.0,6156.0,1.0
439,2018-08-07 10:38:33,439,439,52207.0,AA00004,AAA9101004,167.0,115.89757356580566,28.689597588950193,1.0,0.0,0.0,0.0,0.0,30.0,6156.0,1.0
440,2018-08-07 10:38:34,440,440,52208.0,AA00004,AAA9101004,166.0,115.89759529709275,28.689525311273094,1.0,0.0,0.0,0.0,0.0,31.0,6156.0,1.0
441,2018-08-07 10:38:35,441,441,52209.0,AA00004,AAA9101004,162.0,115.89761930645778,28.689454801963613,1.0,0.0,0.0,0.0,0.0,30.0,6156.0,1.0
442,2018-08-07 10:38:36,442,442,52210.0,AA00004,AAA9101004,157.0,115.89764507758828,28.689387215881556,1.0,0.0,0.0,0.0,0.0,29.0,6156.0,1.0
443,2018-08-07 10:38:37,443,443,52211.0,AA00004,AAA9101004,157.0,115.8976708532535,28.689322886394674,1.0,0.0,0.0,0.0,0.0,27.0,6156.0,1.0
444,2018-08-07 10:38:38,444,444,52212.0,AA00004,AAA9101004,157.0,115.89769655652097,28.689263281895286,1.0,0.0,0.0,0.0,0.0,25.0,6156.0,1.0
445,2018-08-07 10:38:39,445,445,52213.0,AA00004,AAA9101004,153.0,115.89772218111433,28.689208317450205,1.0,0.0,0.0,0.0,0.0,23.0,6156.0,1.0
446,2018-08-07 10:38:40,446,446,52214.0,AA00004,AAA9101004,160.0,115.8977465027345,28.68915721954524,1.0,0.0,0.0,0.0,0.0,21.0,6156.0,1.0
447,2018-08-07 10:38:41,447,447,52215.0,AA00004,AAA9101004,151.0,115.89776989025896,28.689109998133947,1.0,0.0,0.0,0.0,0.0,18.0,6156.0,2.0
448,2018-08-07 10:38:42,448,448,,AA00004,AAA9101004,151.0,115.89779290785646,28.689065842049917,1.0,0.0,0.0,0.0,0.0,17.5,6156.0,
449,2018-08-07 10:38:43,449,449,52216.0,AA00004,AAA9101004,151.0,115.89781532318283,28.689023146074717,1.0,0.0,0.0,0.0,0.0,17.0,6156.0,1.0
450,2018-08-07 10:38:44,450,450,52217.0,AA00004,AAA9101004,160.0,115.89783610086522,28.688982251802315,1.0,0.0,0.0,0.0,0.0,16.0,6156.0,1.0
451,2018-08-07 10:38:45,451,451,52218.0,AA00004,AAA9101004,178.0,115.89785464164316,28.688944465774615,1.0,0.0,0.0,0.0,0.0,16.0,6156.0,1.0
452,2018-08-07 10:38:46,452,452,52219.0,AA00004,AAA9101004,166.0,115.89787138102689,28.688911765588212,1.0,0.0,0.0,0.0,0.0,13.0,6156.0,1.0
453,2018-08-07 10:38:47,453,453,52220.0,AA00004,AAA9101004,163.0,115.89788436589174,28.68888449832416,1.0,0.0,0.0,0.0,0.0,0.0,6156.0,1.0
454,2018-08-07 10:38:48,454,454,52221.0,AA00004,AAA9101004,153.0,115.89789351463378,28.688861771883552,1.0,0.0,0.0,0.0,0.0,0.0,6156.0,1.0
455,2018-08-07 10:38:49,455,455,52222.0,AA00004,AAA9101004,161.0,115.89789861664188,28.688843155708962,1.0,0.0,0.0,0.0,0.0,0.0,6156.0,1.0
456,2018-08-07 10:38:50,456,456,52223.0,AA00004,AAA9101004,127.0,115.89790030525448,28.688828836442628,1.0,0.0,0.0,0.0,0.0,0.0,6156.0,1.0
457,2018-08-07 10:38:51,457,457,52224.0,AA00004,AAA9101004,127.0,115.89789795991672,28.688817617401313,1.0,0.0,0.0,0.0,0.0,0.0,6156.0,1.0
458,2018-08-07 10:38:52,458,458,52225.0,AA00004,AAA9101004,127.0,115.89789402546162,28.68881151093899,1.0,0.0,0.0,0.0,0.0,0.0,6156.0,1.0
459,2018-08-07 10:38:53,459,459,52226.0,AA00004,AAA9101004,127.0,115.89789036187918,28.688808888192746,1.0,0.0,0.0,0.0,0.0,0.0,6156.0,1.0
460,2018-08-07 10:38:54,460,460,52227.0,AA00004,AAA9101004,127.0,115.89788770325394,28.68880752420135,1.0,0.0,0.0,0.0,0.0,0.0,6156.0,1.0
461,2018-08-07 10:38:55,461,461,52228.0,AA00004,AAA9101004,127.0,115.89788521539474,28.688806973386253,1.0,0.0,0.0,0.0,0.0,0.0,6156.0,1.0
462,2018-08-07 10:38:56,462,462,52229.0,AA00004,AAA9101004,127.0,115.89788306004985,28.68880622093787,1.0,0.0,0.0,0.0,0.0,0.0,6156.0,1.0
463,2018-08-07 10:38:57,463,463,52230.0,AA00004,AAA9101004,127.0,115.89788190378916,28.688805566266,1.0,0.0,0.0,0.0,0.0,0.0,6156.0,1.0
464,2018-08-07 10:38:58,464,464,52231.0,AA00004,AAA9101004,127.0,115.89788137494259,28.68880517221819,1.0,0.0,0.0,0.0,0.0,0.0,6156.0,1.0
465,2018-08-07 10:38:59,465,465,52232.0,AA00004,AAA9101004,127.0,115.89788115493658,28.688804878585344,1.0,0.0,0.0,0.0,0.0,0.0,6156.0,1.0
466,2018-08-07 10:39:00,466,466,52233.0,AA00004,AAA9101004,127.0,115.89788107781759,28.68880448379734,1.0,0.0,0.0,0.0,0.0,0.0,6156.0,1.0
467,2018-08-07 10:39:01,467,467,52234.0,AA00004,AAA9101004,127.0,115.89788108175786,28.68880373378059,1.0,0.0,0.0,0.0,0.0,0.0,6156.0,1.0
468,2018-08-07 10:39:02,468,468,52235.0,AA00004,AAA9101004,127.0,115.89788118222368,28.688802352530363,1.0,0.0,0.0,0.0,0.0,0.0,6156.0,1.0
469,2018-08-07 10:39:03,469,469,52236.0,AA00004,AAA9101004,127.0,115.89788150644836,28.68880065609628,1.0,0.0,0.0,0.0,0.0,0.0,6156.0,1.0
470,2018-08-07 10:39:04,470,470,52237.0,AA00004,AAA9101004,127.0,115.89788245396069,28.688799283688088,1.0,0.0,0.0,0.0,0.0,0.0,6156.0,1.0
471,2018-08-07 10:39:05,471,471,52238.0,AA00004,AAA9101004,127.0,115.89788337643098,28.688798559537272,1.0,0.0,0.0,0.0,0.0,0.0,6156.0,1.0
472,2018-08-07 10:39:06,472,472,52239.0,AA00004,AAA9101004,127.0,115.89788454563998,28.6887982300184,1.0,0.0,0.0,0.0,0.0,0.0,6156.0,1.0
473,2018-08-07 10:39:07,473,473,52240.0,AA00004,AAA9101004,127.0,115.8978862162651,28.688798091050955,1.0,0.0,0.0,0.0,0.0,0.0,6156.0,1.0
474,2018-08-07 10:39:08,474,474,52241.0,AA00004,AAA9101004,127.0,115.89788719645968,28.688798035102113,1.0,0.0,0.0,0.0,0.0,0.0,6156.0,1.0
475,2018-08-07 10:39:09,475,475,52242.0,AA00004,AAA9101004,127.0,115.8978876630936,28.68879801327111,1.0,0.0,0.0,0.0,0.0,0.0,6156.0,1.0
476,2018-08-07 10:39:10,476,476,52243.0,AA00004,AAA9101004,127.0,115.89788786487442,28.6887980049427,1.0,0.0,0.0,0.0,0.0,0.0,6156.0,1.0
477,2018-08-07 10:39:11,477,477,52244.0,AA00004,AAA9101004,127.0,115.89788794741523,28.688798001819084,1.0,0.0,0.0,0.0,0.0,0.0,6156.0,1.0
478,2018-08-07 10:39:12,478,478,52245.0,AA00004,AAA9101004,127.0,115.8978879799789,28.688798000663045,1.0,0.0,0.0,0.0,0.0,0.0,6156.0,1.0
479,2018-08-07 10:39:13,479,479,52246.0,AA00004,AAA9101004,127.0,115.89788799250245,28.68879800023975,1.0,0.0,0.0,0.0,0.0,0.0,6156.0,1.0
480,2018-08-07 10:39:14,480,480,52247.0,AA00004,AAA9101004,127.0,115.89788799722855,28.688798000086106,1.0,0.0,0.0,0.0,0.0,0.0,6156.0,1.0
481,2018-08-07 10:39:15,481,481,52248.0,AA00004,AAA9101004,127.0,115.8978879989862,28.688798000030744,1.0,0.0,0.0,0.0,0.0,0.0,6156.0,1.0
482,2018-08-07 10:39:16,482,482,52249.0,AA00004,AAA9101004,127.0,115.89788799963232,28.688798000010923,1.0,0.0,0.0,0.0,0.0,0.0,6156.0,1.0
483,2018-08-07 10:39:17,483,483,52250.0,AA00004,AAA9101004,127.0,115.8978879998676,28.688798000003867,1.0,0.0,0.0,0.0,0.0,0.0,6156.0,1.0
484,2018-08-07 10:39:18,484,484,52251.0,AA00004,AAA9101004,127.0,115.89788799995262,28.688798000001363,1.0,0.0,0.0,0.0,0.0,0.0,6156.0,1.0
485,2018-08-07 10:39:19,485,485,52252.0,AA00004,AAA9101004,127.0,115.89788799998313,28.688798000000478,1.0,0.0,0.0,0.0,0.0,0.0,6156.0,1.0
486,2018-08-07 10:39:20,486,486,52253.0,AA00004,AAA9101004,127.0,115.89788799999403,28.688798000000165,1.0,0.0,0.0,0.0,0.0,0.0,6156.0,1.0
487,2018-08-07 10:39:21,487,487,52254.0,AA00004,AAA9101004,127.0,115.89788799999789,28.68879800000006,1.0,0.0,0.0,0.0,0.0,0.0,6156.0,1.0
488,2018-08-07 10:39:22,488,488,52255.0,AA00004,AAA9101004,127.0,115.89788799999926,28.68879800000002,1.0,0.0,0.0,0.0,0.0,0.0,6156.0,1.0
489,2018-08-07 10:39:23,489,489,52256.0,AA00004,AAA9101004,127.0,115.89788799999974,28.688798000000006,1.0,0.0,0.0,0.0,0.0,0.0,6156.0,1.0
490,2018-08-07 10:39:24,490,490,52257.0,AA00004,AAA9101004,127.0,115.8978879999999,28.688798000000002,1.0,0.0,0.0,0.0,0.0,0.0,6156.0,1.0
491,2018-08-07 10:39:25,491,491,52258.0,AA00004,AAA9101004,127.0,115.89788799999997,28.688798,1.0,0.0,0.0,0.0,0.0,0.0,6156.0,1.0
492,2018-08-07 10:39:26,492,492,52259.0,AA00004,AAA9101004,127.0,115.89788799999998,28.688798,1.0,0.0,0.0,0.0,0.0,0.0,6156.0,1.0
493,2018-08-07 10:39:27,493,493,52260.0,AA00004,AAA9101004,127.0,115.897888,28.688798,1.0,0.0,0.0,0.0,0.0,0.0,6156.0,1.0
494,2018-08-07 10:39:28,494,494,52261.0,AA00004,AAA9101004,127.0,115.897888,28.688798,1.0,0.0,0.0,0.0,0.0,0.0,6156.0,1.0
495,2018-08-07 10:39:29,495,495,52262.0,AA00004,AAA9101004,127.0,115.897888,28.688798,1.0,0.0,0.0,0.0,0.0,0.0,6156.0,1.0
496,2018-08-07 10:39:30,496,496,52263.0,AA00004,AAA9101004,127.0,115.897888,28.688798,1.0,0.0,0.0,0.0,0.0,0.0,6156.0,1.0
497,2018-08-07 10:39:31,497,497,52264.0,AA00004,AAA9101004,127.0,115.897888,28.688798,1.0,0.0,0.0,0.0,0.0,0.0,6156.0,1.0
498,2018-08-07 10:39:32,498,498,52265.0,AA00004,AAA9101004,127.0,115.897888,28.688798,1.0,0.0,0.0,0.0,0.0,0.0,6156.0,1.0
499,2018-08-07 10:39:33,499,499,52266.0,AA00004,AAA9101004,127.0,115.897888,28.688798,1.0,0.0,0.0,0.0,0.0,0.0,6156.0,1.0
500,2018-08-07 10:39:34,500,500,52267.0,AA00004,AAA9101004,127.0,115.897888,28.688798,1.0,0.0,0.0,0.0,0.0,0.0,6156.0,1.0
501,2018-08-07 10:39:35,501,501,52268.0,AA00004,AAA9101004,127.0,115.897888,28.688798,1.0,0.0,0.0,0.0,0.0,0.0,6156.0,1.0
502,2018-08-07 10:39:36,502,502,52269.0,AA00004,AAA9101004,127.0,115.897888,28.688798,1.0,0.0,0.0,0.0,0.0,0.0,6156.0,1.0
503,2018-08-07 10:39:37,503,503,52270.0,AA00004,AAA9101004,127.0,115.897888,28.688798,1.0,0.0,0.0,0.0,0.0,0.0,6156.0,1.0
504,2018-08-07 10:39:38,504,504,52271.0,AA00004,AAA9101004,127.0,115.897888,28.688798,1.0,0.0,0.0,0.0,0.0,0.0,6156.0,1.0
505,2018-08-07 10:39:39,505,505,52272.0,AA00004,AAA9101004,127.0,115.897888,28.688798,1.0,0.0,0.0,0.0,0.0,0.0,6156.0,1.0
506,2018-08-07 10:39:40,506,506,52273.0,AA00004,AAA9101004,127.0,115.897888,28.688798,1.0,0.0,0.0,0.0,0.0,0.0,6156.0,1.0
507,2018-08-07 10:39:41,507,507,52274.0,AA00004,AAA9101004,127.0,115.897888,28.688798,1.0,0.0,0.0,0.0,0.0,0.0,6156.0,1.0
508,2018-08-07 10:39:42,508,508,52275.0,AA00004,AAA9101004,127.0,115.897888,28.688798,1.0,0.0,0.0,0.0,0.0,0.0,6156.0,1.0
509,2018-08-07 10:39:43,509,509,52276.0,AA00004,AAA9101004,127.0,115.897888,28.688798,1.0,0.0,0.0,0.0,0.0,0.0,6156.0,1.0
510,2018-08-07 10:39:44,510,510,52277.0,AA00004,AAA9101004,127.0,115.897888,28.688798,1.0,0.0,0.0,0.0,0.0,0.0,6156.0,1.0
511,2018-08-07 10:39:45,511,511,52278.0,AA00004,AAA9101004,127.0,115.897888,28.688798,1.0,0.0,0.0,0.0,0.0,0.0,6156.0,1.0
512,2018-08-07 10:39:46,512,512,52279.0,AA00004,AAA9101004,127.0,115.897888,28.688798,1.0,0.0,0.0,0.0,0.0,0.0,6156.0,1.0
513,2018-08-07 10:39:47,513,513,52280.0,AA00004,AAA9101004,127.0,115.897888,28.688798,1.0,0.0,0.0,0.0,0.0,0.0,6156.0,1.0
514,2018-08-07 10:39:48,514,514,52281.0,AA00004,AAA9101004,127.0,115.897888,28.688798,1.0,0.0,0.0,0.0,0.0,0.0,6156.0,1.0
515,2018-08-07 10:39:49,515,515,52282.0,AA00004,AAA9101004,127.0,115.897888,28.688798,1.0,0.0,0.0,0.0,0.0,0.0,6156.0,1.0
516,2018-08-07 10:39:50,516,516,52283.0,AA00004,AAA9101004,127.0,115.897888,28.688798,1.0,0.0,0.0,0.0,0.0,0.0,6156.0,1.0
517,2018-08-07 10:39:51,517,517,52284.0,AA00004,AAA9101004,127.0,115.897888,28.688798,1.0,0.0,0.0,0.0,0.0,0.0,6156.0,1.0
518,2018-08-07 10:39:52,518,518,52285.0,AA00004,AAA9101004,127.0,115.897888,28.688798,1.0,0.0,0.0,0.0,0.0,0.0,6156.0,1.0
519,2018-08-07 10:39:53,519,519,52286.0,AA00004,AAA9101004,127.0,115.897888,28.688798,1.0,0.0,0.0,0.0,0.0,0.0,6156.0,1.0
520,2018-08-07 10:39:54,520,520,52287.0,AA00004,AAA9101004,127.0,115.897888,28.688798,1.0,0.0,0.0,0.0,0.0,0.0,6156.0,1.0
521,2018-08-07 10:39:55,521,521,52288.0,AA00004,AAA9101004,127.0,115.897888,28.688798,1.0,0.0,0.0,0.0,0.0,0.0,6156.0,1.0
522,2018-08-07 10:39:56,522,522,52289.0,AA00004,AAA9101004,127.0,115.897888,28.688798,1.0,0.0,0.0,0.0,0.0,0.0,6156.0,1.0
523,2018-08-07 10:39:57,523,523,52290.0,AA00004,AAA9101004,127.0,115.897888,28.688798,1.0,0.0,0.0,0.0,0.0,0.0,6156.0,1.0
524,2018-08-07 10:39:58,524,524,52291.0,AA00004,AAA9101004,127.0,115.897888,28.688798,1.0,0.0,0.0,0.0,0.0,0.0,6156.0,1.0
525,2018-08-07 10:39:59,525,525,52292.0,AA00004,AAA9101004,127.0,115.897888,28.688798,1.0,0.0,0.0,0.0,0.0,0.0,6156.0,1.0
526,2018-08-07 10:40:00,526,526,52293.0,AA00004,AAA9101004,127.0,115.897888,28.688798,1.0,0.0,0.0,0.0,0.0,0.0,6156.0,1.0
527,2018-08-07 10:40:01,527,527,52294.0,AA00004,AAA9101004,127.0,115.897888,28.688798,1.0,0.0,0.0,0.0,0.0,0.0,6156.0,0.0
