,vehicleplatenumber,device_num,direction_angle,lng,lat,acc_state,right_turn_signals,left_turn_signals,hand_brake,foot_brake,location_time,gps_speed,mileage,time_diff
15316,AD00053,AAA7109053,0,114.159673,26.565265000000004,1,0,0,0,0,2018-09-09 00:00:35,0,5550,2.0
15317,AD00053,AAA7109053,0,114.159675,26.56527,1,0,0,0,0,2018-09-09 00:00:37,0,5550,2.0
15318,AD00053,AAA7109053,0,114.159681,26.565278000000006,1,0,0,0,0,2018-09-09 00:00:39,0,5550,1.0
15319,AD00053,AAA7109053,0,114.159688,26.56528,1,0,0,0,0,2018-09-09 00:00:40,0,5550,1.0
15320,AD00053,AAA7109053,0,114.159691,26.56528,1,0,0,0,0,2018-09-09 00:00:41,0,5550,1.0
15321,AD00053,AAA7109053,0,114.15969,26.56528,1,0,0,0,0,2018-09-09 00:00:42,0,5550,2.0
15322,AD00053,AAA7109053,0,114.159686,26.565281,1,0,0,0,0,2018-09-09 00:00:44,0,5550,1.0
15323,AD00053,AAA7109053,0,114.159686,26.565281,1,0,0,0,0,2018-09-09 00:00:45,0,5550,1.0
15324,AD00053,AAA7109053,0,114.159686,26.565281,1,0,0,0,0,2018-09-09 00:00:46,0,5550,1.0
15325,AD00053,AAA7109053,0,114.159673,26.565283,1,0,0,0,0,2018-09-09 00:00:47,0,5550,1.0
15326,AD00053,AAA7109053,0,114.159676,26.565278000000006,1,0,0,0,0,2018-09-09 00:00:48,0,5550,1.0
15327,AD00053,AAA7109053,0,114.159676,26.565278000000006,1,0,0,0,0,2018-09-09 00:00:49,0,5550,1.0
15328,AD00053,AAA7109053,0,114.159676,26.565278000000006,1,0,0,0,0,2018-09-09 00:00:50,0,5550,1.0
15329,AD00053,AAA7109053,0,114.159676,26.565278000000006,1,0,0,0,0,2018-09-09 00:00:51,0,5550,1.0
15330,AD00053,AAA7109053,0,114.159676,26.565278000000006,1,0,0,0,0,2018-09-09 00:00:52,0,5550,1.0
15331,AD00053,AAA7109053,0,114.159676,26.565278000000006,1,0,0,0,0,2018-09-09 00:00:53,0,5550,1.0
15332,AD00053,AAA7109053,0,114.159676,26.565278000000006,1,0,0,0,0,2018-09-09 00:00:54,0,5550,1.0
15333,AD00053,AAA7109053,0,114.159676,26.565278000000006,1,0,0,0,0,2018-09-09 00:00:55,0,5550,1.0
15334,AD00053,AAA7109053,0,114.159676,26.565278000000006,1,0,0,0,0,2018-09-09 00:00:56,0,5550,1.0
15335,AD00053,AAA7109053,0,114.159676,26.565278000000006,1,0,0,0,0,2018-09-09 00:00:57,0,5550,1.0
15336,AD00053,AAA7109053,0,114.159676,26.565278000000006,1,0,0,0,0,2018-09-09 00:00:58,0,5550,1.0
15337,AD00053,AAA7109053,0,114.159676,26.565278000000006,1,0,0,0,0,2018-09-09 00:00:59,0,5550,1.0
15338,AD00053,AAA7109053,0,114.159676,26.565278000000006,1,0,0,0,0,2018-09-09 00:01:00,0,5550,1.0
15339,AD00053,AAA7109053,0,114.159676,26.565278000000006,1,0,0,0,0,2018-09-09 00:01:01,0,5550,2.0
15340,AD00053,AAA7109053,0,114.159676,26.565278000000006,1,0,0,0,0,2018-09-09 00:01:03,0,5550,1.0
15341,AD00053,AAA7109053,0,114.159676,26.565278000000006,1,0,0,0,0,2018-09-09 00:01:04,0,5550,1.0
15342,AD00053,AAA7109053,0,114.159676,26.565278000000006,1,0,0,0,0,2018-09-09 00:01:05,0,5550,1.0
15343,AD00053,AAA7109053,0,114.159676,26.565278000000006,1,0,0,0,0,2018-09-09 00:01:06,0,5550,1.0
15344,AD00053,AAA7109053,0,114.159676,26.565278000000006,1,0,0,0,0,2018-09-09 00:01:07,0,5550,1.0
15345,AD00053,AAA7109053,0,114.159676,26.565278000000006,1,0,0,0,0,2018-09-09 00:01:08,0,5550,1.0
15346,AD00053,AAA7109053,0,114.159676,26.565278000000006,1,0,0,0,0,2018-09-09 00:01:09,0,5550,1.0
15347,AD00053,AAA7109053,0,114.159676,26.565278000000006,1,0,0,0,0,2018-09-09 00:01:10,0,5550,1.0
15348,AD00053,AAA7109053,0,114.159676,26.565278000000006,1,0,0,0,0,2018-09-09 00:01:11,0,5550,1.0
15349,AD00053,AAA7109053,0,114.159676,26.565278000000006,1,0,0,0,0,2018-09-09 00:01:12,0,5550,1.0
15350,AD00053,AAA7109053,0,114.159676,26.565278000000006,1,0,0,0,0,2018-09-09 00:01:13,0,5550,1.0
15351,AD00053,AAA7109053,0,114.159676,26.565278000000006,1,0,0,0,0,2018-09-09 00:01:14,0,5550,1.0
15352,AD00053,AAA7109053,0,114.159676,26.565278000000006,1,0,0,0,0,2018-09-09 00:01:15,0,5550,1.0
15353,AD00053,AAA7109053,0,114.159676,26.565278000000006,1,0,0,0,0,2018-09-09 00:01:16,0,5550,1.0
15354,AD00053,AAA7109053,0,114.159676,26.565278000000006,1,0,0,0,0,2018-09-09 00:01:17,0,5550,1.0
15355,AD00053,AAA7109053,0,114.159676,26.565278000000006,1,0,0,0,0,2018-09-09 00:01:18,0,5550,1.0
15356,AD00053,AAA7109053,0,114.159676,26.565278000000006,1,0,0,0,0,2018-09-09 00:01:19,0,5550,1.0
15357,AD00053,AAA7109053,0,114.159676,26.565278000000006,1,0,0,0,0,2018-09-09 00:01:20,0,5550,1.0
15358,AD00053,AAA7109053,0,114.159676,26.565278000000006,1,0,0,0,0,2018-09-09 00:01:21,0,5550,1.0
15359,AD00053,AAA7109053,0,114.159676,26.565278000000006,1,0,0,0,0,2018-09-09 00:01:22,0,5550,1.0
15360,AD00053,AAA7109053,0,114.159676,26.565278000000006,1,0,0,0,0,2018-09-09 00:01:23,0,5550,1.0
15361,AD00053,AAA7109053,0,114.159676,26.565278000000006,1,0,0,0,0,2018-09-09 00:01:24,0,5550,1.0
15362,AD00053,AAA7109053,0,114.159676,26.565278000000006,1,0,0,0,0,2018-09-09 00:01:25,0,5550,1.0
15363,AD00053,AAA7109053,0,114.159676,26.565278000000006,1,0,0,0,0,2018-09-09 00:01:26,0,5550,1.0
15364,AD00053,AAA7109053,0,114.159676,26.565278000000006,1,0,0,0,0,2018-09-09 00:01:27,0,5550,1.0
15365,AD00053,AAA7109053,0,114.159676,26.565278000000006,1,0,0,0,0,2018-09-09 00:01:28,0,5550,1.0
15366,AD00053,AAA7109053,0,114.159676,26.565278000000006,1,0,0,0,0,2018-09-09 00:01:29,0,5550,1.0
15367,AD00053,AAA7109053,0,114.159676,26.565278000000006,1,0,0,0,0,2018-09-09 00:01:30,0,5550,1.0
15368,AD00053,AAA7109053,0,114.159676,26.565278000000006,1,0,0,0,0,2018-09-09 00:01:31,0,5550,1.0
15369,AD00053,AAA7109053,0,114.159676,26.565278000000006,1,0,0,0,0,2018-09-09 00:01:32,0,5550,1.0
15370,AD00053,AAA7109053,0,114.159676,26.565278000000006,1,0,0,0,0,2018-09-09 00:01:33,0,5550,1.0
15371,AD00053,AAA7109053,0,114.159676,26.565278000000006,1,0,0,0,0,2018-09-09 00:01:34,0,5550,1.0
15372,AD00053,AAA7109053,0,114.159676,26.565278000000006,1,0,0,0,0,2018-09-09 00:01:35,0,5550,1.0
15373,AD00053,AAA7109053,0,114.159676,26.565278000000006,1,0,0,0,0,2018-09-09 00:01:36,0,5550,1.0
15374,AD00053,AAA7109053,0,114.159676,26.565278000000006,1,0,0,0,0,2018-09-09 00:01:37,0,5550,1.0
15375,AD00053,AAA7109053,0,114.159676,26.565278000000006,1,0,0,0,0,2018-09-09 00:01:38,0,5550,1.0
15376,AD00053,AAA7109053,0,114.159676,26.565278000000006,1,0,0,0,0,2018-09-09 00:01:39,0,5550,1.0
15377,AD00053,AAA7109053,0,114.159676,26.565278000000006,1,0,0,0,0,2018-09-09 00:01:40,0,5550,1.0
15378,AD00053,AAA7109053,0,114.159676,26.565278000000006,1,0,0,0,0,2018-09-09 00:01:41,0,5550,1.0
15379,AD00053,AAA7109053,0,114.159676,26.565278000000006,1,0,0,0,0,2018-09-09 00:01:42,0,5550,1.0
15380,AD00053,AAA7109053,0,114.159676,26.565278000000006,1,0,0,0,0,2018-09-09 00:01:43,0,5550,1.0
15381,AD00053,AAA7109053,0,114.159676,26.565278000000006,1,0,0,0,0,2018-09-09 00:01:44,0,5550,1.0
15382,AD00053,AAA7109053,0,114.159676,26.565278000000006,1,0,0,0,0,2018-09-09 00:01:45,0,5550,1.0
15383,AD00053,AAA7109053,0,114.159676,26.565278000000006,1,0,0,0,0,2018-09-09 00:01:46,0,5550,1.0
15384,AD00053,AAA7109053,0,114.159676,26.565278000000006,1,0,0,0,0,2018-09-09 00:01:47,0,5550,1.0
15385,AD00053,AAA7109053,0,114.159676,26.565278000000006,1,0,0,0,0,2018-09-09 00:01:48,0,5550,1.0
15386,AD00053,AAA7109053,0,114.159676,26.565278000000006,1,0,0,0,0,2018-09-09 00:01:49,0,5550,1.0
15387,AD00053,AAA7109053,0,114.159676,26.565278000000006,1,0,0,0,0,2018-09-09 00:01:50,0,5550,1.0
15388,AD00053,AAA7109053,0,114.159676,26.565278000000006,1,0,0,0,0,2018-09-09 00:01:51,0,5550,1.0
15389,AD00053,AAA7109053,0,114.159676,26.565278000000006,1,0,0,0,0,2018-09-09 00:01:52,0,5550,1.0
15390,AD00053,AAA7109053,0,114.159676,26.565278000000006,1,0,0,0,0,2018-09-09 00:01:53,0,5550,1.0
15391,AD00053,AAA7109053,0,114.159676,26.565278000000006,1,0,0,0,0,2018-09-09 00:01:54,0,5550,1.0
15392,AD00053,AAA7109053,0,114.159676,26.565278000000006,1,0,0,0,0,2018-09-09 00:01:55,0,5550,1.0
15393,AD00053,AAA7109053,0,114.159676,26.565278000000006,1,0,0,0,0,2018-09-09 00:01:56,0,5550,1.0
15394,AD00053,AAA7109053,0,114.159676,26.565278000000006,1,0,0,0,0,2018-09-09 00:01:57,0,5550,1.0
15395,AD00053,AAA7109053,0,114.159676,26.565278000000006,1,0,0,0,0,2018-09-09 00:01:58,0,5550,1.0
15396,AD00053,AAA7109053,0,114.159676,26.565278000000006,1,0,0,0,0,2018-09-09 00:01:59,0,5550,1.0
15397,AD00053,AAA7109053,0,114.159676,26.565278000000006,1,0,0,0,0,2018-09-09 00:02:00,0,5550,1.0
15398,AD00053,AAA7109053,0,114.159676,26.565278000000006,1,0,0,0,0,2018-09-09 00:02:01,0,5550,1.0
15399,AD00053,AAA7109053,0,114.159676,26.565278000000006,1,0,0,0,0,2018-09-09 00:02:02,0,5550,1.0
15400,AD00053,AAA7109053,0,114.159676,26.565278000000006,1,0,0,0,0,2018-09-09 00:02:03,0,5550,2.0
15401,AD00053,AAA7109053,0,114.159676,26.565278000000006,1,0,0,0,0,2018-09-09 00:02:05,0,5550,1.0
15402,AD00053,AAA7109053,0,114.159676,26.565278000000006,1,0,0,0,0,2018-09-09 00:02:06,0,5550,1.0
15403,AD00053,AAA7109053,0,114.159676,26.565278000000006,1,0,0,0,0,2018-09-09 00:02:07,0,5550,2.0
15404,AD00053,AAA7109053,0,114.159676,26.565278000000006,1,0,0,0,0,2018-09-09 00:02:09,0,5550,1.0
15405,AD00053,AAA7109053,0,114.159676,26.565278000000006,1,0,0,0,0,2018-09-09 00:02:10,0,5550,1.0
15406,AD00053,AAA7109053,0,114.159676,26.565278000000006,1,0,0,0,0,2018-09-09 00:02:11,0,5550,1.0
15407,AD00053,AAA7109053,0,114.159676,26.565278000000006,1,0,0,0,0,2018-09-09 00:02:12,0,5550,1.0
15408,AD00053,AAA7109053,0,114.159676,26.565278000000006,1,0,0,0,0,2018-09-09 00:02:13,0,5550,1.0
15409,AD00053,AAA7109053,0,114.159676,26.565278000000006,1,0,0,0,0,2018-09-09 00:02:14,0,5550,1.0
15410,AD00053,AAA7109053,0,114.159676,26.565278000000006,1,0,0,0,0,2018-09-09 00:02:15,0,5550,1.0
15411,AD00053,AAA7109053,0,114.159676,26.565278000000006,1,0,0,0,0,2018-09-09 00:02:16,0,5550,1.0
15412,AD00053,AAA7109053,0,114.159676,26.565278000000006,1,0,0,0,0,2018-09-09 00:02:17,0,5550,1.0
15413,AD00053,AAA7109053,0,114.159676,26.565278000000006,1,0,0,0,0,2018-09-09 00:02:18,0,5550,1.0
15414,AD00053,AAA7109053,0,114.159676,26.565278000000006,1,0,0,0,0,2018-09-09 00:02:19,0,5550,1.0
15415,AD00053,AAA7109053,0,114.159676,26.565278000000006,1,0,0,0,0,2018-09-09 00:02:20,0,5550,1.0
15416,AD00053,AAA7109053,0,114.159676,26.565278000000006,1,0,0,0,0,2018-09-09 00:02:21,0,5550,1.0
15417,AD00053,AAA7109053,0,114.159676,26.565278000000006,1,0,0,0,0,2018-09-09 00:02:22,0,5550,1.0
15418,AD00053,AAA7109053,0,114.159676,26.565278000000006,1,0,0,0,0,2018-09-09 00:02:23,0,5550,1.0
15419,AD00053,AAA7109053,0,114.159676,26.565278000000006,1,0,0,0,0,2018-09-09 00:02:24,0,5550,1.0
15420,AD00053,AAA7109053,0,114.159676,26.565278000000006,1,0,0,0,0,2018-09-09 00:02:25,0,5550,1.0
15421,AD00053,AAA7109053,0,114.159676,26.565278000000006,1,0,0,0,0,2018-09-09 00:02:26,0,5550,1.0
15422,AD00053,AAA7109053,0,114.159676,26.565278000000006,1,0,0,0,0,2018-09-09 00:02:27,0,5550,1.0
15423,AD00053,AAA7109053,0,114.159676,26.565278000000006,1,0,0,0,0,2018-09-09 00:02:28,0,5550,1.0
15424,AD00053,AAA7109053,0,114.159676,26.565278000000006,1,0,0,0,0,2018-09-09 00:02:29,0,5550,1.0
15425,AD00053,AAA7109053,0,114.159676,26.565278000000006,1,0,0,0,0,2018-09-09 00:02:30,0,5550,1.0
15426,AD00053,AAA7109053,0,114.159676,26.565278000000006,1,0,0,0,0,2018-09-09 00:02:31,0,5550,1.0
15427,AD00053,AAA7109053,0,114.159676,26.565278000000006,1,0,0,0,0,2018-09-09 00:02:32,0,5550,1.0
15428,AD00053,AAA7109053,0,114.159676,26.565278000000006,1,0,0,0,0,2018-09-09 00:02:33,0,5550,1.0
15429,AD00053,AAA7109053,0,114.159676,26.565278000000006,1,0,0,0,0,2018-09-09 00:02:34,0,5550,1.0
15430,AD00053,AAA7109053,0,114.159676,26.565278000000006,1,0,0,0,0,2018-09-09 00:02:35,0,5550,1.0
15431,AD00053,AAA7109053,0,114.159676,26.565278000000006,1,0,0,0,0,2018-09-09 00:02:36,0,5550,1.0
15432,AD00053,AAA7109053,0,114.159676,26.565278000000006,1,0,0,0,0,2018-09-09 00:02:37,0,5550,1.0
15433,AD00053,AAA7109053,0,114.159676,26.565278000000006,1,0,0,0,0,2018-09-09 00:02:38,0,5550,1.0
15434,AD00053,AAA7109053,0,114.159676,26.565278000000006,1,0,0,0,0,2018-09-09 00:02:39,0,5550,1.0
15435,AD00053,AAA7109053,0,114.159676,26.565278000000006,1,0,0,0,0,2018-09-09 00:02:40,0,5550,1.0
15436,AD00053,AAA7109053,0,114.159676,26.565278000000006,1,0,0,0,0,2018-09-09 00:02:41,0,5550,1.0
15437,AD00053,AAA7109053,0,114.159676,26.565278000000006,1,0,0,0,0,2018-09-09 00:02:42,0,5550,1.0
15438,AD00053,AAA7109053,0,114.159676,26.565278000000006,1,0,0,0,0,2018-09-09 00:02:43,0,5550,1.0
15439,AD00053,AAA7109053,0,114.159676,26.565278000000006,1,0,0,0,0,2018-09-09 00:02:44,0,5550,1.0
15440,AD00053,AAA7109053,0,114.159676,26.565278000000006,1,0,0,0,0,2018-09-09 00:02:45,0,5550,1.0
15441,AD00053,AAA7109053,0,114.159676,26.565278000000006,1,0,0,0,0,2018-09-09 00:02:46,0,5550,1.0
15442,AD00053,AAA7109053,0,114.159676,26.565278000000006,1,0,0,0,0,2018-09-09 00:02:47,0,5550,1.0
15443,AD00053,AAA7109053,0,114.159676,26.565278000000006,1,0,0,0,0,2018-09-09 00:02:48,0,5550,1.0
15444,AD00053,AAA7109053,0,114.159676,26.565278000000006,1,0,0,0,0,2018-09-09 00:02:49,0,5550,1.0
15445,AD00053,AAA7109053,0,114.159676,26.565278000000006,1,0,0,0,0,2018-09-09 00:02:50,0,5550,1.0
15446,AD00053,AAA7109053,0,114.159676,26.565278000000006,1,0,0,0,0,2018-09-09 00:02:51,0,5550,1.0
15447,AD00053,AAA7109053,0,114.159676,26.565278000000006,1,0,0,0,0,2018-09-09 00:02:52,0,5550,1.0
15448,AD00053,AAA7109053,0,114.159676,26.565278000000006,1,0,0,0,0,2018-09-09 00:02:53,0,5550,1.0
15449,AD00053,AAA7109053,0,114.159676,26.565278000000006,1,0,0,0,0,2018-09-09 00:02:54,0,5550,1.0
15450,AD00053,AAA7109053,0,114.159676,26.565278000000006,1,0,0,0,0,2018-09-09 00:02:55,0,5550,1.0
15451,AD00053,AAA7109053,0,114.159676,26.565278000000006,1,0,0,0,0,2018-09-09 00:02:56,0,5550,1.0
15452,AD00053,AAA7109053,0,114.159676,26.565278000000006,1,0,0,0,0,2018-09-09 00:02:57,0,5550,1.0
15453,AD00053,AAA7109053,0,114.159676,26.565278000000006,1,0,0,0,0,2018-09-09 00:02:58,0,5550,1.0
15454,AD00053,AAA7109053,0,114.159676,26.565278000000006,1,0,0,0,0,2018-09-09 00:02:59,0,5550,1.0
15455,AD00053,AAA7109053,0,114.159676,26.565278000000006,1,0,0,0,0,2018-09-09 00:03:00,0,5550,1.0
15456,AD00053,AAA7109053,0,114.159676,26.565278000000006,1,0,0,0,0,2018-09-09 00:03:01,0,5550,1.0
15457,AD00053,AAA7109053,0,114.159676,26.565278000000006,1,0,0,0,0,2018-09-09 00:03:02,0,5550,1.0
15458,AD00053,AAA7109053,0,114.159676,26.565278000000006,1,0,0,0,0,2018-09-09 00:03:03,0,5550,1.0
15459,AD00053,AAA7109053,0,114.159676,26.565278000000006,1,0,0,0,0,2018-09-09 00:03:04,0,5550,1.0
15460,AD00053,AAA7109053,0,114.159676,26.565278000000006,1,0,0,0,0,2018-09-09 00:03:05,0,5550,1.0
15461,AD00053,AAA7109053,0,114.159676,26.565278000000006,1,0,0,0,0,2018-09-09 00:03:06,0,5550,1.0
15462,AD00053,AAA7109053,0,114.159676,26.565278000000006,1,0,0,0,0,2018-09-09 00:03:07,0,5550,1.0
15463,AD00053,AAA7109053,0,114.159676,26.565278000000006,1,0,0,0,0,2018-09-09 00:03:08,0,5550,1.0
15464,AD00053,AAA7109053,0,114.159676,26.565278000000006,1,0,0,0,0,2018-09-09 00:03:09,0,5550,1.0
15465,AD00053,AAA7109053,0,114.159676,26.565278000000006,1,0,0,0,0,2018-09-09 00:03:10,0,5550,1.0
15466,AD00053,AAA7109053,0,114.159676,26.565278000000006,1,0,0,0,0,2018-09-09 00:03:11,0,5550,1.0
15467,AD00053,AAA7109053,0,114.159676,26.565278000000006,1,0,0,0,0,2018-09-09 00:03:12,0,5550,1.0
15468,AD00053,AAA7109053,0,114.159676,26.565278000000006,1,0,0,0,0,2018-09-09 00:03:13,0,5550,1.0
15469,AD00053,AAA7109053,0,114.159676,26.565278000000006,1,0,0,0,0,2018-09-09 00:03:14,0,5550,1.0
15470,AD00053,AAA7109053,0,114.159676,26.565278000000006,1,0,0,0,0,2018-09-09 00:03:15,0,5550,1.0
15471,AD00053,AAA7109053,0,114.159676,26.565278000000006,1,0,0,0,0,2018-09-09 00:03:16,0,5550,1.0
15472,AD00053,AAA7109053,0,114.159676,26.565278000000006,1,0,0,0,0,2018-09-09 00:03:17,0,5550,1.0
15473,AD00053,AAA7109053,0,114.159676,26.565278000000006,1,0,0,0,0,2018-09-09 00:03:18,0,5550,1.0
15474,AD00053,AAA7109053,0,114.159676,26.565278000000006,1,0,0,0,0,2018-09-09 00:03:19,0,5550,1.0
15475,AD00053,AAA7109053,0,114.159676,26.565278000000006,1,0,0,0,0,2018-09-09 00:03:20,0,5550,1.0
15476,AD00053,AAA7109053,0,114.159676,26.565278000000006,1,0,0,0,0,2018-09-09 00:03:21,0,5550,1.0
15477,AD00053,AAA7109053,0,114.159676,26.565278000000006,1,0,0,0,0,2018-09-09 00:03:22,0,5550,1.0
15478,AD00053,AAA7109053,0,114.159676,26.565278000000006,1,0,0,0,0,2018-09-09 00:03:23,0,5550,1.0
15479,AD00053,AAA7109053,0,114.159676,26.565278000000006,1,0,0,0,0,2018-09-09 00:03:24,0,5550,1.0
15480,AD00053,AAA7109053,0,114.159676,26.565278000000006,1,0,0,0,0,2018-09-09 00:03:25,0,5550,1.0
15481,AD00053,AAA7109053,0,114.159676,26.565278000000006,1,0,0,0,0,2018-09-09 00:03:26,0,5550,1.0
15482,AD00053,AAA7109053,0,114.159676,26.565278000000006,1,0,0,0,0,2018-09-09 00:03:27,0,5550,1.0
15483,AD00053,AAA7109053,0,114.159676,26.565278000000006,1,0,0,0,0,2018-09-09 00:03:28,0,5550,1.0
15484,AD00053,AAA7109053,0,114.159676,26.565278000000006,1,0,0,0,0,2018-09-09 00:03:29,0,5550,1.0
15485,AD00053,AAA7109053,0,114.159676,26.565278000000006,1,0,0,0,0,2018-09-09 00:03:30,0,5550,1.0
15486,AD00053,AAA7109053,0,114.159676,26.565278000000006,1,0,0,0,0,2018-09-09 00:03:31,0,5550,1.0
15487,AD00053,AAA7109053,0,114.159676,26.565278000000006,1,0,0,0,0,2018-09-09 00:03:32,0,5550,1.0
15488,AD00053,AAA7109053,162,114.159706,26.56518,1,0,0,0,0,2018-09-09 00:03:33,0,5550,1.0
15489,AD00053,AAA7109053,181,114.15971100000002,26.56516,1,0,0,0,0,2018-09-09 00:03:34,0,5550,1.0
15490,AD00053,AAA7109053,185,114.15971,26.565136,1,0,0,0,0,2018-09-09 00:03:35,0,5550,1.0
15491,AD00053,AAA7109053,195,114.15971,26.565118,1,0,0,0,0,2018-09-09 00:03:36,0,5550,1.0
15492,AD00053,AAA7109053,190,114.159708,26.565098,1,0,0,0,0,2018-09-09 00:03:37,0,5550,1.0
15493,AD00053,AAA7109053,198,114.159701,26.565073,1,0,0,0,0,2018-09-09 00:03:38,0,5550,1.0
15494,AD00053,AAA7109053,191,114.159698,26.56505,1,0,0,0,0,2018-09-09 00:03:39,0,5550,1.0
15495,AD00053,AAA7109053,198,114.159695,26.565028,1,0,0,0,0,2018-09-09 00:03:40,0,5550,1.0
15496,AD00053,AAA7109053,202,114.159691,26.565013,1,0,0,0,0,2018-09-09 00:03:41,0,5550,1.0
15497,AD00053,AAA7109053,201,114.159685,26.564998,1,0,0,0,0,2018-09-09 00:03:42,0,5550,1.0
15498,AD00053,AAA7109053,207,114.159676,26.564978000000004,1,0,0,0,0,2018-09-09 00:03:43,0,5550,1.0
15499,AD00053,AAA7109053,195,114.159668,26.564948,1,0,0,0,0,2018-09-09 00:03:44,10,5550,1.0
15500,AD00053,AAA7109053,197,114.159656,26.564918,1,0,0,0,0,2018-09-09 00:03:45,12,5550,1.0
15501,AD00053,AAA7109053,200,114.159638,26.564883,1,0,0,0,0,2018-09-09 00:03:46,15,5550,1.0
15502,AD00053,AAA7109053,199,114.159618,26.564843,1,0,0,0,0,2018-09-09 00:03:47,18,5550,1.0
15503,AD00053,AAA7109053,201,114.159598,26.564793,1,0,0,0,0,2018-09-09 00:03:48,21,5550,1.0
15504,AD00053,AAA7109053,199,114.159575,26.564733,1,0,0,0,0,2018-09-09 00:03:49,25,5550,1.0
15505,AD00053,AAA7109053,198,114.159551,26.564673,1,0,0,0,0,2018-09-09 00:03:50,26,5550,1.0
15506,AD00053,AAA7109053,195,114.159533,26.564616,1,0,0,0,0,2018-09-09 00:03:51,26,5550,1.0
15507,AD00053,AAA7109053,198,114.159513,26.564555,1,0,0,0,0,2018-09-09 00:03:52,24,5550,1.0
15508,AD00053,AAA7109053,205,114.159476,26.564491,1,0,0,0,0,2018-09-09 00:03:53,28,5550,1.0
15509,AD00053,AAA7109053,199,114.159446,26.564421000000007,1,0,0,0,0,2018-09-09 00:03:54,30,5550,1.0
15510,AD00053,AAA7109053,203,114.159415,26.564348,1,0,0,0,0,2018-09-09 00:03:55,31,5550,1.0
15511,AD00053,AAA7109053,203,114.159378,26.564273,1,0,0,0,0,2018-09-09 00:03:56,32,5550,1.0
15512,AD00053,AAA7109053,207,114.159333,26.564201,1,0,0,0,0,2018-09-09 00:03:57,33,5550,1.0
15513,AD00053,AAA7109053,204,114.15928999999998,26.564126,1,0,0,0,0,2018-09-09 00:03:58,33,5550,1.0
15514,AD00053,AAA7109053,215,114.159233,26.564061,1,0,0,0,0,2018-09-09 00:03:59,31,5550,1.0
15515,AD00053,AAA7109053,223,114.159168,26.564008,1,0,0,0,0,2018-09-09 00:04:00,30,5550,1.0
15516,AD00053,AAA7109053,221,114.15911,26.563946,1,0,0,0,0,2018-09-09 00:04:01,31,5550,1.0
15517,AD00053,AAA7109053,218,114.159051,26.563883,1,0,0,0,0,2018-09-09 00:04:02,32,5550,1.0
15518,AD00053,AAA7109053,220,114.158991,26.563821,1,0,0,0,0,2018-09-09 00:04:03,32,5550,1.0
15519,AD00053,AAA7109053,219,114.158928,26.56376,1,0,0,0,0,2018-09-09 00:04:04,32,5550,1.0
15520,AD00053,AAA7109053,219,114.158868,26.563696000000004,1,0,0,0,0,2018-09-09 00:04:05,32,5550,1.0
15521,AD00053,AAA7109053,216,114.15881,26.563631,1,0,0,0,0,2018-09-09 00:04:06,33,5550,1.0
15522,AD00053,AAA7109053,218,114.158753,26.56357,1,0,0,0,0,2018-09-09 00:04:07,32,5550,1.0
15523,AD00053,AAA7109053,213,114.158701,26.563501,1,0,0,0,0,2018-09-09 00:04:08,32,5550,1.0
15524,AD00053,AAA7109053,213,114.158651,26.563431,1,0,0,0,0,2018-09-09 00:04:09,33,5550,1.0
15525,AD00053,AAA7109053,212,114.158598,26.563358,1,0,0,0,0,2018-09-09 00:04:10,33,5550,1.0
15526,AD00053,AAA7109053,217,114.15854,26.563286,1,0,0,0,0,2018-09-09 00:04:11,34,5550,1.0
15527,AD00053,AAA7109053,220,114.158471,26.563218,1,0,0,0,0,2018-09-09 00:04:12,35,5550,1.0
15528,AD00053,AAA7109053,224,114.158403,26.563151,1,0,0,0,0,2018-09-09 00:04:13,36,5550,1.0
15529,AD00053,AAA7109053,221,114.158335,26.563086,1,0,0,0,0,2018-09-09 00:04:14,36,5550,1.0
15530,AD00053,AAA7109053,223,114.158261,26.563021000000006,1,0,0,0,0,2018-09-09 00:04:15,36,5550,1.0
15531,AD00053,AAA7109053,223,114.15819,26.562958,1,0,0,0,0,2018-09-09 00:04:16,36,5551,1.0
15532,AD00053,AAA7109053,225,114.158116,26.562896,1,0,0,0,0,2018-09-09 00:04:17,37,5551,1.0
15533,AD00053,AAA7109053,220,114.158045,26.56283,1,0,0,0,0,2018-09-09 00:04:18,37,5551,1.0
15534,AD00053,AAA7109053,223,114.157975,26.562763,1,0,0,0,0,2018-09-09 00:04:19,36,5551,1.0
15535,AD00053,AAA7109053,224,114.157905,26.562698,1,0,0,0,0,2018-09-09 00:04:20,36,5551,1.0
15536,AD00053,AAA7109053,226,114.157828,26.56264,1,0,0,0,0,2018-09-09 00:04:21,37,5551,1.0
15537,AD00053,AAA7109053,230,114.157748,26.562581,1,0,0,0,0,2018-09-09 00:04:22,38,5551,1.0
15538,AD00053,AAA7109053,230,114.157666,26.562523,1,0,0,0,0,2018-09-09 00:04:23,38,5551,1.0
15539,AD00053,AAA7109053,227,114.157583,26.562465000000003,1,0,0,0,0,2018-09-09 00:04:24,39,5551,1.0
15540,AD00053,AAA7109053,227,114.157506,26.5624,1,0,0,0,0,2018-09-09 00:04:25,39,5551,1.0
15541,AD00053,AAA7109053,222,114.157435,26.562331,1,0,0,0,0,2018-09-09 00:04:26,39,5551,1.0
15542,AD00053,AAA7109053,213,114.157371,26.562251,1,0,0,0,0,2018-09-09 00:04:27,39,5551,1.0
15543,AD00053,AAA7109053,204,114.157328,26.562163,1,0,0,0,0,2018-09-09 00:04:28,38,5551,1.0
15544,AD00053,AAA7109053,197,114.157293,26.562073,1,0,0,0,0,2018-09-09 00:04:29,38,5551,1.0
15545,AD00053,AAA7109053,193,114.157271,26.561975,1,0,0,0,0,2018-09-09 00:04:30,39,5551,1.0
15546,AD00053,AAA7109053,193,114.15725,26.56188,1,0,0,0,0,2018-09-09 00:04:31,38,5551,1.0
15547,AD00053,AAA7109053,194,114.157221,26.561786,1,0,0,0,0,2018-09-09 00:04:32,38,5551,1.0
15548,AD00053,AAA7109053,202,114.157181,26.561698,1,0,0,0,0,2018-09-09 00:04:33,38,5551,1.0
15549,AD00053,AAA7109053,212,114.157125,26.561615000000003,1,0,0,0,0,2018-09-09 00:04:34,39,5551,1.0
15550,AD00053,AAA7109053,219,114.157058,26.561538,1,0,0,0,0,2018-09-09 00:04:35,39,5551,1.0
15551,AD00053,AAA7109053,222,114.156985,26.561468,1,0,0,0,0,2018-09-09 00:04:36,39,5551,1.0
15552,AD00053,AAA7109053,225,114.156908,26.561401,1,0,0,0,0,2018-09-09 00:04:37,39,5551,1.0
15553,AD00053,AAA7109053,229,114.15683,26.561341,1,0,0,0,0,2018-09-09 00:04:38,37,5551,1.0
15554,AD00053,AAA7109053,233,114.156748,26.561286,1,0,0,0,0,2018-09-09 00:04:39,37,5551,1.0
15555,AD00053,AAA7109053,244,114.156665,26.561243,1,0,0,0,0,2018-09-09 00:04:40,36,5551,1.0
15556,AD00053,AAA7109053,262,114.156566,26.561231,1,0,0,0,0,2018-09-09 00:04:41,36,5551,1.0
15557,AD00053,AAA7109053,274,114.156465,26.56124,1,0,0,0,0,2018-09-09 00:04:42,35,5551,1.0
15558,AD00053,AAA7109053,275,114.156366,26.561248,1,0,0,0,0,2018-09-09 00:04:43,35,5551,1.0
15559,AD00053,AAA7109053,287,114.156273,26.561271,1,0,0,0,0,2018-09-09 00:04:44,34,5551,1.0
15560,AD00053,AAA7109053,308,114.156198,26.561328000000003,1,0,0,0,0,2018-09-09 00:04:45,33,5551,1.0
15561,AD00053,AAA7109053,322,114.156141,26.561393,1,0,0,0,0,2018-09-09 00:04:46,32,5551,1.0
15562,AD00053,AAA7109053,350,114.156121,26.56147,1,0,0,0,0,2018-09-09 00:04:47,28,5551,1.0
15563,AD00053,AAA7109053,355,114.156113,26.56155,1,0,0,0,0,2018-09-09 00:04:48,31,5551,1.0
15564,AD00053,AAA7109053,2,114.156108,26.561631,1,0,0,0,0,2018-09-09 00:04:49,31,5551,1.0
15565,AD00053,AAA7109053,1,114.156108,26.561715000000003,1,0,0,0,0,2018-09-09 00:04:50,34,5551,1.0
15566,AD00053,AAA7109053,1,114.156108,26.561803,1,0,0,0,0,2018-09-09 00:04:51,35,5551,1.0
15567,AD00053,AAA7109053,1,114.156108,26.561893,1,0,0,0,0,2018-09-09 00:04:52,36,5551,1.0
15568,AD00053,AAA7109053,1,114.156113,26.561976,1,0,0,0,0,2018-09-09 00:04:53,37,5551,1.0
15569,AD00053,AAA7109053,356,114.156108,26.562068,1,0,0,0,0,2018-09-09 00:04:54,37,5551,1.0
15570,AD00053,AAA7109053,354,114.156098,26.562158,1,0,0,0,0,2018-09-09 00:04:55,35,5551,1.0
15571,AD00053,AAA7109053,354,114.156085,26.562243,1,0,0,0,0,2018-09-09 00:04:56,37,5551,1.0
15572,AD00053,AAA7109053,350,114.156068,26.562328000000004,1,0,0,0,0,2018-09-09 00:04:57,35,5551,1.0
15573,AD00053,AAA7109053,353,114.156053,26.562418,1,0,0,0,0,2018-09-09 00:04:58,36,5551,1.0
15574,AD00053,AAA7109053,353,114.15604,26.562508,1,0,0,0,0,2018-09-09 00:04:59,37,5551,1.0
15575,AD00053,AAA7109053,353,114.156025,26.562601,1,0,0,0,0,2018-09-09 00:05:00,37,5551,1.0
15576,AD00053,AAA7109053,356,114.156018,26.562695,1,0,0,0,0,2018-09-09 00:05:01,37,5551,1.0
15577,AD00053,AAA7109053,355,114.15601,26.562786,1,0,0,0,0,2018-09-09 00:05:02,36,5551,1.0
15578,AD00053,AAA7109053,352,114.156001,26.562873,1,0,0,0,0,2018-09-09 00:05:03,35,5551,1.0
15579,AD00053,AAA7109053,350,114.15598500000002,26.562968,1,0,0,0,0,2018-09-09 00:05:04,37,5551,1.0
15580,AD00053,AAA7109053,348,114.155965,26.563058,1,0,0,0,0,2018-09-09 00:05:05,35,5551,1.0
15581,AD00053,AAA7109053,349,114.155943,26.563146000000003,1,0,0,0,0,2018-09-09 00:05:06,35,5551,1.0
15582,AD00053,AAA7109053,331,114.15591299999998,26.563216,1,0,0,0,0,2018-09-09 00:05:07,24,5551,1.0
15583,AD00053,AAA7109053,356,114.15591,26.563321,1,0,0,0,0,2018-09-09 00:05:08,36,5551,1.0
15584,AD00053,AAA7109053,2,114.155905,26.563421,1,0,0,0,0,2018-09-09 00:05:09,36,5551,1.0
15585,AD00053,AAA7109053,10,114.155921,26.563516,1,0,0,0,0,2018-09-09 00:05:10,36,5551,1.0
15586,AD00053,AAA7109053,22,114.15596,26.563608,1,0,0,0,0,2018-09-09 00:05:11,35,5551,2.0
15587,AD00053,AAA7109053,53,114.15611,26.563723,1,0,0,0,0,2018-09-09 00:05:13,34,5551,1.0
15588,AD00053,AAA7109053,53,114.156188,26.563776,1,0,0,0,0,2018-09-09 00:05:14,35,5551,1.0
15589,AD00053,AAA7109053,49,114.156256,26.563826,1,0,0,0,0,2018-09-09 00:05:15,32,5551,1.0
15590,AD00053,AAA7109053,42,114.15632,26.563881,1,0,0,0,0,2018-09-09 00:05:16,32,5551,1.0
15591,AD00053,AAA7109053,24,114.156361,26.563945,1,0,0,0,0,2018-09-09 00:05:17,31,5551,1.0
15592,AD00053,AAA7109053,13,114.156381,26.564023,1,0,0,0,0,2018-09-09 00:05:18,31,5551,1.0
15593,AD00053,AAA7109053,0,114.15637,26.56411,1,0,0,0,0,2018-09-09 00:05:19,31,5551,1.0
15594,AD00053,AAA7109053,341,114.15634,26.564191,1,0,0,0,0,2018-09-09 00:05:20,32,5551,1.0
15595,AD00053,AAA7109053,329,114.156295,26.564268,1,0,0,0,0,2018-09-09 00:05:21,34,5551,1.0
15596,AD00053,AAA7109053,321,114.15624,26.564333,1,0,0,0,0,2018-09-09 00:05:22,32,5551,1.0
15597,AD00053,AAA7109053,314,114.156176,26.564398,1,0,0,0,0,2018-09-09 00:05:23,35,5551,1.0
15598,AD00053,AAA7109053,316,114.156105,26.564463,1,0,0,0,0,2018-09-09 00:05:24,36,5551,1.0
15599,AD00053,AAA7109053,320,114.15604,26.564531,1,0,0,0,0,2018-09-09 00:05:25,35,5551,1.0
15600,AD00053,AAA7109053,315,114.15597,26.564605,1,0,0,0,0,2018-09-09 00:05:26,35,5551,1.0
15601,AD00053,AAA7109053,316,114.155896,26.564675,1,0,0,0,0,2018-09-09 00:05:27,36,5551,1.0
15602,AD00053,AAA7109053,331,114.155848,26.564751,1,0,0,0,0,2018-09-09 00:05:28,35,5551,1.0
15603,AD00053,AAA7109053,351,114.155831,26.564836,1,0,0,0,0,2018-09-09 00:05:29,34,5551,1.0
15604,AD00053,AAA7109053,12,114.155843,26.564928,1,0,0,0,0,2018-09-09 00:05:30,33,5551,1.0
15605,AD00053,AAA7109053,24,114.155883,26.565003000000004,1,0,0,0,0,2018-09-09 00:05:31,32,5551,1.0
15606,AD00053,AAA7109053,45,114.155945,26.565066,1,0,0,0,0,2018-09-09 00:05:32,32,5551,1.0
15607,AD00053,AAA7109053,50,114.156018,26.565118,1,0,0,0,0,2018-09-09 00:05:33,34,5551,1.0
15608,AD00053,AAA7109053,51,114.156095,26.565173,1,0,0,0,0,2018-09-09 00:05:34,35,5551,1.0
15609,AD00053,AAA7109053,53,114.156176,26.565231,1,0,0,0,0,2018-09-09 00:05:35,38,5551,1.0
15610,AD00053,AAA7109053,51,114.156263,26.565291,1,0,0,0,0,2018-09-09 00:05:36,40,5551,2.0
15611,AD00053,AAA7109053,47,114.156438,26.565435,1,0,0,0,0,2018-09-09 00:05:38,44,5551,1.0
15612,AD00053,AAA7109053,41,114.156525,26.565521,1,0,0,0,0,2018-09-09 00:05:39,46,5551,1.0
15613,AD00053,AAA7109053,36,114.1566,26.565616,1,0,0,0,0,2018-09-09 00:05:40,47,5551,1.0
15614,AD00053,AAA7109053,31,114.15667,26.565725,1,0,0,0,0,2018-09-09 00:05:41,50,5551,1.0
15615,AD00053,AAA7109053,26,114.156736,26.565838,1,0,0,0,0,2018-09-09 00:05:42,50,5551,1.0
15616,AD00053,AAA7109053,26,114.1568,26.565951,1,0,0,0,0,2018-09-09 00:05:43,49,5551,1.0
15617,AD00053,AAA7109053,25,114.156861,26.566056,1,0,0,0,0,2018-09-09 00:05:44,47,5551,1.0
15618,AD00053,AAA7109053,27,114.156923,26.566166,1,0,0,0,0,2018-09-09 00:05:45,48,5551,1.0
15619,AD00053,AAA7109053,34,114.157,26.566270000000006,1,0,0,0,0,2018-09-09 00:05:46,49,5551,1.0
15620,AD00053,AAA7109053,38,114.157083,26.566371000000004,1,0,0,0,0,2018-09-09 00:05:47,49,5551,1.0
15621,AD00053,AAA7109053,39,114.15716299999998,26.56647,1,0,0,0,0,2018-09-09 00:05:48,49,5551,1.0
15622,AD00053,AAA7109053,40,114.157248,26.56656,1,0,0,0,0,2018-09-09 00:05:49,47,5551,1.0
15623,AD00053,AAA7109053,44,114.157335,26.566641,1,0,0,0,0,2018-09-09 00:05:50,44,5551,1.0
15624,AD00053,AAA7109053,43,114.157415,26.566718,1,0,0,0,0,2018-09-09 00:05:51,42,5551,1.0
15625,AD00053,AAA7109053,37,114.157476,26.566798,1,0,0,0,0,2018-09-09 00:05:52,39,5552,1.0
15626,AD00053,AAA7109053,28,114.157528,26.566878000000006,1,0,0,0,0,2018-09-09 00:05:53,37,5552,1.0
15627,AD00053,AAA7109053,23,114.157568,26.566965000000003,1,0,0,0,0,2018-09-09 00:05:54,37,5552,1.0
15628,AD00053,AAA7109053,18,114.157603,26.567056,1,0,0,0,0,2018-09-09 00:05:55,38,5552,1.0
15629,AD00053,AAA7109053,16,114.157635,26.567146,1,0,0,0,0,2018-09-09 00:05:56,38,5552,1.0
15630,AD00053,AAA7109053,11,114.157658,26.567236,1,0,0,0,0,2018-09-09 00:05:57,36,5552,1.0
15631,AD00053,AAA7109053,9,114.157676,26.567323,1,0,0,0,0,2018-09-09 00:05:58,35,5552,1.0
15632,AD00053,AAA7109053,8,114.157695,26.567406,1,0,0,0,0,2018-09-09 00:05:59,33,5552,1.0
15633,AD00053,AAA7109053,10,114.157715,26.567481,1,0,0,0,0,2018-09-09 00:06:00,30,5552,1.0
15634,AD00053,AAA7109053,12,114.15773,26.567556,1,0,0,0,0,2018-09-09 00:06:01,31,5552,1.0
15635,AD00053,AAA7109053,13,114.15775,26.567631,1,0,0,0,0,2018-09-09 00:06:02,30,5552,1.0
15636,AD00053,AAA7109053,7,114.157763,26.567703,1,0,0,0,0,2018-09-09 00:06:03,29,5552,1.0
15637,AD00053,AAA7109053,1,114.157766,26.567778000000004,1,0,0,0,0,2018-09-09 00:06:04,29,5552,2.0
15638,AD00053,AAA7109053,341,114.157728,26.567916,1,0,0,0,0,2018-09-09 00:06:06,28,5552,1.0
15639,AD00053,AAA7109053,333,114.157693,26.567968,1,0,0,0,0,2018-09-09 00:06:07,23,5552,2.0
15640,AD00053,AAA7109053,330,114.157645,26.568041,1,0,0,0,0,2018-09-09 00:06:09,14,5552,1.0
15641,AD00053,AAA7109053,329,114.15763,26.568061,1,0,0,0,0,2018-09-09 00:06:10,10,5552,1.0
15642,AD00053,AAA7109053,332,114.15762,26.568078000000003,1,0,0,0,0,2018-09-09 00:06:11,0,5552,1.0
15643,AD00053,AAA7109053,333,114.15761100000002,26.568093,1,0,0,0,0,2018-09-09 00:06:12,0,5552,1.0
15644,AD00053,AAA7109053,334,114.157603,26.568108,1,0,0,0,0,2018-09-09 00:06:13,0,5552,1.0
15645,AD00053,AAA7109053,335,114.157595,26.568125,1,0,0,0,0,2018-09-09 00:06:14,0,5552,1.0
15646,AD00053,AAA7109053,335,114.157586,26.568141,1,0,0,0,0,2018-09-09 00:06:15,0,5552,1.0
15647,AD00053,AAA7109053,332,114.15758,26.568155,1,0,0,0,0,2018-09-09 00:06:16,0,5552,1.0
15648,AD00053,AAA7109053,328,114.157573,26.568163,1,0,0,0,0,2018-09-09 00:06:17,0,5552,1.0
15649,AD00053,AAA7109053,328,114.157568,26.568171000000003,1,0,0,0,0,2018-09-09 00:06:18,0,5552,1.0
15650,AD00053,AAA7109053,328,114.157566,26.56818,1,0,0,0,0,2018-09-09 00:06:19,0,5552,1.0
15651,AD00053,AAA7109053,328,114.15756100000002,26.568185,1,0,0,0,0,2018-09-09 00:06:20,0,5552,1.0
15652,AD00053,AAA7109053,328,114.15756100000002,26.568185,1,0,0,0,0,2018-09-09 00:06:21,0,5552,1.0
15653,AD00053,AAA7109053,328,114.15756100000002,26.568185,1,0,0,0,0,2018-09-09 00:06:22,0,5552,1.0
15654,AD00053,AAA7109053,328,114.15756100000002,26.568185,1,0,0,0,0,2018-09-09 00:06:23,0,5552,1.0
15655,AD00053,AAA7109053,328,114.15756100000002,26.568185,1,0,0,0,0,2018-09-09 00:06:24,0,5552,1.0
15656,AD00053,AAA7109053,328,114.15756100000002,26.568185,1,0,0,0,0,2018-09-09 00:06:25,0,5552,1.0
15657,AD00053,AAA7109053,328,114.15756100000002,26.568185,1,0,0,0,0,2018-09-09 00:06:26,0,5552,1.0
15658,AD00053,AAA7109053,328,114.15756100000002,26.568185,1,0,0,0,0,2018-09-09 00:06:27,0,5552,1.0
15659,AD00053,AAA7109053,328,114.15756100000002,26.568185,1,0,0,0,0,2018-09-09 00:06:28,0,5552,1.0
15660,AD00053,AAA7109053,328,114.15756100000002,26.568185,1,0,0,0,0,2018-09-09 00:06:29,0,5552,1.0
15661,AD00053,AAA7109053,328,114.15756100000002,26.568185,1,0,0,0,0,2018-09-09 00:06:30,0,5552,1.0
15662,AD00053,AAA7109053,328,114.15756100000002,26.568185,1,0,0,0,0,2018-09-09 00:06:31,0,5552,1.0
15663,AD00053,AAA7109053,328,114.15756100000002,26.568185,1,0,0,0,0,2018-09-09 00:06:32,0,5552,1.0
15664,AD00053,AAA7109053,328,114.15756100000002,26.568185,1,0,0,0,0,2018-09-09 00:06:33,0,5552,1.0
15665,AD00053,AAA7109053,328,114.15756100000002,26.568185,1,0,0,0,0,2018-09-09 00:06:34,0,5552,1.0
15666,AD00053,AAA7109053,328,114.15756100000002,26.568185,1,0,0,0,0,2018-09-09 00:06:35,0,5552,1.0
15667,AD00053,AAA7109053,328,114.15756100000002,26.568185,1,0,0,0,0,2018-09-09 00:06:36,0,5552,1.0
15668,AD00053,AAA7109053,328,114.15756100000002,26.568185,1,0,0,0,0,2018-09-09 00:06:37,0,5552,1.0
15669,AD00053,AAA7109053,328,114.15756100000002,26.568185,1,0,0,0,0,2018-09-09 00:06:38,0,5552,1.0
15670,AD00053,AAA7109053,328,114.15756100000002,26.568185,1,0,0,0,0,2018-09-09 00:06:39,0,5552,1.0
15671,AD00053,AAA7109053,328,114.15756100000002,26.568185,1,0,0,0,0,2018-09-09 00:06:40,0,5552,1.0
15672,AD00053,AAA7109053,328,114.15756100000002,26.568185,1,0,0,0,0,2018-09-09 00:06:41,0,5552,1.0
15673,AD00053,AAA7109053,328,114.15756100000002,26.568185,1,0,0,0,0,2018-09-09 00:06:42,0,5552,1.0
15674,AD00053,AAA7109053,328,114.15756100000002,26.568185,1,0,0,0,0,2018-09-09 00:06:43,0,5552,1.0
15675,AD00053,AAA7109053,328,114.15756100000002,26.568185,1,0,0,0,0,2018-09-09 00:06:44,0,5552,1.0
15676,AD00053,AAA7109053,328,114.15756100000002,26.568185,1,0,0,0,0,2018-09-09 00:06:45,0,5552,1.0
15677,AD00053,AAA7109053,328,114.15756100000002,26.568185,1,0,0,0,0,2018-09-09 00:06:46,0,5552,1.0
15678,AD00053,AAA7109053,329,114.157548,26.568213,1,0,0,0,0,2018-09-09 00:06:47,0,5552,1.0
15679,AD00053,AAA7109053,330,114.157538,26.568238,1,0,0,0,0,2018-09-09 00:06:48,11,5552,1.0
15680,AD00053,AAA7109053,332,114.157521,26.568266,1,0,0,0,0,2018-09-09 00:06:49,12,5552,1.0
15681,AD00053,AAA7109053,333,114.157501,26.568298,1,0,0,0,0,2018-09-09 00:06:50,14,5552,1.0
15682,AD00053,AAA7109053,334,114.157483,26.568335,1,0,0,0,0,2018-09-09 00:06:51,16,5552,1.0
15683,AD00053,AAA7109053,333,114.157463,26.568375,1,0,0,0,0,2018-09-09 00:06:52,18,5552,1.0
15684,AD00053,AAA7109053,331,114.15744,26.568418,1,0,0,0,0,2018-09-09 00:06:53,19,5552,1.0
15685,AD00053,AAA7109053,329,114.157415,26.56846,1,0,0,0,0,2018-09-09 00:06:54,19,5552,1.0
15686,AD00053,AAA7109053,326,114.157391,26.568508,1,0,0,0,0,2018-09-09 00:06:55,19,5552,1.0
15687,AD00053,AAA7109053,325,114.157361,26.56855,1,0,0,0,0,2018-09-09 00:06:56,20,5552,1.0
15688,AD00053,AAA7109053,325,114.157331,26.56861,1,0,0,0,0,2018-09-09 00:06:57,20,5552,1.0
15689,AD00053,AAA7109053,329,114.157301,26.568655,1,0,0,0,0,2018-09-09 00:06:58,18,5552,1.0
15690,AD00053,AAA7109053,325,114.157281,26.568683,1,0,0,0,0,2018-09-09 00:06:59,12,5552,1.0
15691,AD00053,AAA7109053,326,114.157265,26.568703000000006,1,0,0,0,0,2018-09-09 00:07:00,0,5552,1.0
15692,AD00053,AAA7109053,330,114.157253,26.568716,1,0,0,0,0,2018-09-09 00:07:01,0,5552,1.0
15693,AD00053,AAA7109053,331,114.157238,26.568733,1,0,0,0,0,2018-09-09 00:07:02,0,5552,1.0
15694,AD00053,AAA7109053,328,114.15722,26.568756,1,0,0,0,0,2018-09-09 00:07:03,11,5552,1.0
15695,AD00053,AAA7109053,327,114.1572,26.568783000000003,1,0,0,0,0,2018-09-09 00:07:04,12,5552,1.0
15696,AD00053,AAA7109053,327,114.157178,26.568811,1,0,0,0,0,2018-09-09 00:07:05,14,5552,1.0
15697,AD00053,AAA7109053,330,114.157155,26.568846,1,0,0,0,0,2018-09-09 00:07:06,16,5552,1.0
15698,AD00053,AAA7109053,329,114.157128,26.568881,1,0,0,0,0,2018-09-09 00:07:07,18,5552,1.0
15699,AD00053,AAA7109053,331,114.1571,26.568923,1,0,0,0,0,2018-09-09 00:07:08,19,5552,1.0
15700,AD00053,AAA7109053,332,114.15707,26.568965,1,0,0,0,0,2018-09-09 00:07:09,20,5552,1.0
15701,AD00053,AAA7109053,332,114.157041,26.569006,1,0,0,0,0,2018-09-09 00:07:10,19,5552,1.0
15702,AD00053,AAA7109053,331,114.157016,26.569043,1,0,0,0,0,2018-09-09 00:07:11,19,5552,1.0
15703,AD00053,AAA7109053,329,114.15699,26.569083000000006,1,0,0,0,0,2018-09-09 00:07:12,18,5552,1.0
15704,AD00053,AAA7109053,325,114.156958,26.56912,1,0,0,0,0,2018-09-09 00:07:13,18,5552,1.0
15705,AD00053,AAA7109053,327,114.15693600000002,26.569153000000004,1,0,0,0,0,2018-09-09 00:07:14,15,5552,1.0
15706,AD00053,AAA7109053,330,114.156916,26.569181,1,0,0,0,0,2018-09-09 00:07:15,12,5552,1.0
15707,AD00053,AAA7109053,334,114.156903,26.569205,1,0,0,0,0,2018-09-09 00:07:16,0,5552,1.0
15708,AD00053,AAA7109053,337,114.156893,26.56923,1,0,0,0,0,2018-09-09 00:07:17,10,5552,1.0
15709,AD00053,AAA7109053,340,114.156885,26.569255,1,0,0,0,0,2018-09-09 00:07:18,10,5552,1.0
15710,AD00053,AAA7109053,337,114.156875,26.569276,1,0,0,0,0,2018-09-09 00:07:19,0,5552,1.0
15711,AD00053,AAA7109053,335,114.156866,26.569296,1,0,0,0,0,2018-09-09 00:07:20,0,5552,1.0
15712,AD00053,AAA7109053,324,114.156851,26.569315000000003,1,0,0,0,0,2018-09-09 00:07:21,0,5552,1.0
15713,AD00053,AAA7109053,312,114.15683,26.56933,1,0,0,0,0,2018-09-09 00:07:22,10,5552,1.0
15714,AD00053,AAA7109053,306,114.156806,26.569348,1,0,0,0,0,2018-09-09 00:07:23,0,5552,1.0
15715,AD00053,AAA7109053,296,114.156785,26.56936,1,0,0,0,0,2018-09-09 00:07:24,0,5552,1.0
15716,AD00053,AAA7109053,296,114.15677,26.569370000000006,1,0,0,0,0,2018-09-09 00:07:25,0,5552,1.0
15717,AD00053,AAA7109053,296,114.15676100000002,26.569375,1,0,0,0,0,2018-09-09 00:07:26,0,5552,1.0
15718,AD00053,AAA7109053,296,114.15676100000002,26.569375,1,0,0,0,0,2018-09-09 00:07:27,0,5552,1.0
15719,AD00053,AAA7109053,296,114.15676100000002,26.569375,1,0,0,0,0,2018-09-09 00:07:28,0,5552,1.0
15720,AD00053,AAA7109053,296,114.15676100000002,26.569375,1,0,0,0,0,2018-09-09 00:07:29,0,5552,1.0
15721,AD00053,AAA7109053,296,114.15676299999998,26.569375,1,0,0,0,0,2018-09-09 00:07:30,0,5552,1.0
15722,AD00053,AAA7109053,296,114.156768,26.569373,1,0,0,0,0,2018-09-09 00:07:31,0,5552,1.0
15723,AD00053,AAA7109053,296,114.156778,26.569373,1,0,0,0,0,2018-09-09 00:07:32,0,5552,1.0
15724,AD00053,AAA7109053,296,114.156786,26.569368,1,0,0,0,0,2018-09-09 00:07:33,0,5552,1.0
15725,AD00053,AAA7109053,141,114.156798,26.569361,1,0,0,0,0,2018-09-09 00:07:34,0,5552,1.0
15726,AD00053,AAA7109053,142,114.156808,26.569355,1,0,0,0,0,2018-09-09 00:07:35,0,5552,1.0
15727,AD00053,AAA7109053,135,114.156815,26.569348,1,0,0,0,0,2018-09-09 00:07:36,0,5552,1.0
15728,AD00053,AAA7109053,126,114.15682,26.569340000000004,1,0,0,0,0,2018-09-09 00:07:37,0,5552,1.0
15729,AD00053,AAA7109053,118,114.15683,26.569336,1,0,0,0,0,2018-09-09 00:07:38,0,5552,1.0
15730,AD00053,AAA7109053,118,114.156836,26.569333,1,0,0,0,0,2018-09-09 00:07:39,0,5552,1.0
15731,AD00053,AAA7109053,118,114.156841,26.569331,1,0,0,0,0,2018-09-09 00:07:40,0,5552,1.0
15732,AD00053,AAA7109053,108,114.156846,26.569328,1,0,0,0,0,2018-09-09 00:07:41,0,5552,1.0
15733,AD00053,AAA7109053,105,114.156855,26.569326,1,0,0,0,0,2018-09-09 00:07:42,0,5552,1.0
15734,AD00053,AAA7109053,107,114.156863,26.569321,1,0,0,0,0,2018-09-09 00:07:43,0,5552,1.0
15735,AD00053,AAA7109053,115,114.156871,26.56932,1,0,0,0,0,2018-09-09 00:07:44,0,5552,1.0
15736,AD00053,AAA7109053,115,114.156878,26.569318,1,0,0,0,0,2018-09-09 00:07:45,0,5552,1.0
15737,AD00053,AAA7109053,104,114.156886,26.569315000000003,1,0,0,0,0,2018-09-09 00:07:46,0,5552,1.0
15738,AD00053,AAA7109053,104,114.156896,26.569313,1,0,0,0,0,2018-09-09 00:07:47,0,5552,1.0
15739,AD00053,AAA7109053,115,114.156905,26.569306,1,0,0,0,0,2018-09-09 00:07:48,0,5552,1.0
15740,AD00053,AAA7109053,107,114.156916,26.5693,1,0,0,0,0,2018-09-09 00:07:49,0,5552,1.0
15741,AD00053,AAA7109053,107,114.156928,26.569293,1,0,0,0,0,2018-09-09 00:07:50,0,5552,1.0
15742,AD00053,AAA7109053,107,114.15693799999998,26.569288,1,0,0,0,0,2018-09-09 00:07:51,0,5552,1.0
15743,AD00053,AAA7109053,107,114.156945,26.569283,1,0,0,0,0,2018-09-09 00:07:52,0,5552,1.0
15744,AD00053,AAA7109053,107,114.156945,26.569278000000004,1,0,0,0,0,2018-09-09 00:07:53,0,5552,1.0
15745,AD00053,AAA7109053,107,114.156945,26.569278000000004,1,0,0,0,0,2018-09-09 00:07:54,0,5552,1.0
15746,AD00053,AAA7109053,107,114.156945,26.569278000000004,1,0,0,0,0,2018-09-09 00:07:55,0,5552,1.0
15747,AD00053,AAA7109053,107,114.156945,26.569278000000004,1,0,0,0,0,2018-09-09 00:07:56,0,5552,1.0
15748,AD00053,AAA7109053,107,114.156946,26.569276,1,0,0,0,0,2018-09-09 00:07:57,0,5552,2.0
15749,AD00053,AAA7109053,114,114.156971,26.569261,1,0,0,0,0,2018-09-09 00:07:59,0,5552,1.0
15750,AD00053,AAA7109053,117,114.156981,26.569256,1,0,0,0,0,2018-09-09 00:08:00,0,5552,1.0
15751,AD00053,AAA7109053,117,114.15698799999998,26.569251,1,0,0,0,0,2018-09-09 00:08:01,0,5552,1.0
15752,AD00053,AAA7109053,117,114.156993,26.569246000000003,1,0,0,0,0,2018-09-09 00:08:02,0,5552,1.0
15753,AD00053,AAA7109053,117,114.157003,26.569241,1,0,0,0,0,2018-09-09 00:08:03,0,5552,1.0
15754,AD00053,AAA7109053,123,114.157015,26.56924,1,0,0,0,0,2018-09-09 00:08:04,0,5552,1.0
15755,AD00053,AAA7109053,113,114.157026,26.569238,1,0,0,0,0,2018-09-09 00:08:05,0,5552,1.0
15756,AD00053,AAA7109053,98,114.15704,26.569238,1,0,0,0,0,2018-09-09 00:08:06,0,5552,1.0
15757,AD00053,AAA7109053,95,114.15705,26.569235,1,0,0,0,0,2018-09-09 00:08:07,0,5552,1.0
15758,AD00053,AAA7109053,97,114.157066,26.569236,1,0,0,0,0,2018-09-09 00:08:08,0,5552,1.0
15759,AD00053,AAA7109053,90,114.157081,26.569238,1,0,0,0,0,2018-09-09 00:08:09,0,5552,1.0
15760,AD00053,AAA7109053,85,114.157096,26.56924,1,0,0,0,0,2018-09-09 00:08:10,0,5552,1.0
15761,AD00053,AAA7109053,85,114.157108,26.569243,1,0,0,0,0,2018-09-09 00:08:11,0,5552,1.0
15762,AD00053,AAA7109053,85,114.157115,26.569246000000003,1,0,0,0,0,2018-09-09 00:08:12,0,5552,1.0
15763,AD00053,AAA7109053,85,114.157121,26.569248,1,0,0,0,0,2018-09-09 00:08:13,0,5552,1.0
15764,AD00053,AAA7109053,80,114.157141,26.569253000000003,1,0,0,0,0,2018-09-09 00:08:14,0,5552,1.0
15765,AD00053,AAA7109053,80,114.157153,26.569255,1,0,0,0,0,2018-09-09 00:08:15,0,5552,1.0
15766,AD00053,AAA7109053,80,114.157165,26.569253000000003,1,0,0,0,0,2018-09-09 00:08:16,0,5552,1.0
15767,AD00053,AAA7109053,80,114.157168,26.569253000000003,1,0,0,0,0,2018-09-09 00:08:17,0,5552,1.0
15768,AD00053,AAA7109053,80,114.15717,26.569253000000003,1,0,0,0,0,2018-09-09 00:08:18,0,5552,1.0
15769,AD00053,AAA7109053,80,114.15717,26.569253000000003,1,0,0,0,0,2018-09-09 00:08:19,0,5552,1.0
15770,AD00053,AAA7109053,80,114.15717,26.569253000000003,1,0,0,0,0,2018-09-09 00:08:20,0,5552,1.0
15771,AD00053,AAA7109053,80,114.15717,26.569253000000003,1,0,0,0,0,2018-09-09 00:08:21,0,5552,1.0
15772,AD00053,AAA7109053,149,114.157171,26.56925,1,0,0,0,0,2018-09-09 00:08:22,0,5552,1.0
15773,AD00053,AAA7109053,149,114.15718,26.56924,1,0,0,0,0,2018-09-09 00:08:23,0,5552,1.0
15774,AD00053,AAA7109053,149,114.157186,26.569233,1,0,0,0,0,2018-09-09 00:08:24,0,5552,1.0
15775,AD00053,AAA7109053,149,114.157191,26.569226,1,0,0,0,0,2018-09-09 00:08:25,0,5552,1.0
15776,AD00053,AAA7109053,149,114.157196,26.56922,1,0,0,0,0,2018-09-09 00:08:26,0,5552,1.0
15777,AD00053,AAA7109053,149,114.157196,26.569218,1,0,0,0,0,2018-09-09 00:08:27,0,5552,1.0
15778,AD00053,AAA7109053,149,114.157198,26.569215000000003,1,0,0,0,0,2018-09-09 00:08:28,0,5552,1.0
15779,AD00053,AAA7109053,149,114.157198,26.569215000000003,1,0,0,0,0,2018-09-09 00:08:29,0,5552,1.0
15780,AD00053,AAA7109053,149,114.157198,26.569215000000003,1,0,0,0,0,2018-09-09 00:08:30,0,5552,1.0
15781,AD00053,AAA7109053,149,114.157198,26.569215000000003,1,0,0,0,0,2018-09-09 00:08:31,0,5552,1.0
15782,AD00053,AAA7109053,149,114.157198,26.569215000000003,1,0,0,0,0,2018-09-09 00:08:32,0,5552,1.0
15783,AD00053,AAA7109053,149,114.157198,26.569215000000003,1,0,0,0,0,2018-09-09 00:08:33,0,5552,1.0
15784,AD00053,AAA7109053,149,114.157198,26.569215000000003,1,0,0,0,0,2018-09-09 00:08:34,0,5552,1.0
15785,AD00053,AAA7109053,149,114.157198,26.569215000000003,1,0,0,0,0,2018-09-09 00:08:35,0,5552,1.0
15786,AD00053,AAA7109053,149,114.157198,26.569215000000003,1,0,0,0,0,2018-09-09 00:08:36,0,5552,1.0
15787,AD00053,AAA7109053,149,114.157198,26.569215000000003,1,0,0,0,0,2018-09-09 00:08:37,0,5552,1.0
15788,AD00053,AAA7109053,149,114.157198,26.569215000000003,1,0,0,0,0,2018-09-09 00:08:38,0,5552,1.0
15789,AD00053,AAA7109053,149,114.157198,26.569215000000003,1,0,0,0,0,2018-09-09 00:08:39,0,5552,1.0
15790,AD00053,AAA7109053,149,114.157198,26.569215000000003,1,0,0,0,0,2018-09-09 00:08:40,0,5552,1.0
15791,AD00053,AAA7109053,149,114.157198,26.569215000000003,1,0,0,0,0,2018-09-09 00:08:41,0,5552,1.0
15792,AD00053,AAA7109053,149,114.157198,26.569215000000003,1,0,0,0,0,2018-09-09 00:08:42,0,5552,1.0
15793,AD00053,AAA7109053,149,114.157198,26.569215000000003,1,0,0,0,0,2018-09-09 00:08:43,0,5552,1.0
15794,AD00053,AAA7109053,149,114.157198,26.569215000000003,1,0,0,0,0,2018-09-09 00:08:44,0,5552,1.0
15795,AD00053,AAA7109053,149,114.157198,26.569215000000003,1,0,0,0,0,2018-09-09 00:08:45,0,5552,1.0
15796,AD00053,AAA7109053,149,114.157198,26.569215000000003,1,0,0,0,0,2018-09-09 00:08:46,0,5552,1.0
15797,AD00053,AAA7109053,149,114.157198,26.569215000000003,1,0,0,0,0,2018-09-09 00:08:47,0,5552,1.0
15798,AD00053,AAA7109053,149,114.157198,26.569215000000003,1,0,0,0,0,2018-09-09 00:08:48,0,5552,1.0
15799,AD00053,AAA7109053,149,114.157198,26.569215000000003,1,0,0,0,0,2018-09-09 00:08:49,0,5552,1.0
15800,AD00053,AAA7109053,149,114.157198,26.569215000000003,1,0,0,0,0,2018-09-09 00:08:50,0,5552,1.0
15801,AD00053,AAA7109053,149,114.157198,26.569215000000003,1,0,0,0,0,2018-09-09 00:08:51,0,5552,1.0
15802,AD00053,AAA7109053,149,114.157198,26.569215000000003,1,0,0,0,0,2018-09-09 00:08:52,0,5552,1.0
15803,AD00053,AAA7109053,149,114.157198,26.569215000000003,1,0,0,0,0,2018-09-09 00:08:53,0,5552,1.0
15804,AD00053,AAA7109053,149,114.157198,26.569215000000003,1,0,0,0,0,2018-09-09 00:08:54,0,5552,1.0
15805,AD00053,AAA7109053,149,114.157198,26.569215000000003,1,0,0,0,0,2018-09-09 00:08:55,0,5552,1.0
15806,AD00053,AAA7109053,149,114.157198,26.569215000000003,1,0,0,0,0,2018-09-09 00:08:56,0,5552,1.0
15807,AD00053,AAA7109053,149,114.157198,26.569215000000003,1,0,0,0,0,2018-09-09 00:08:57,0,5552,1.0
15808,AD00053,AAA7109053,149,114.157198,26.569215000000003,1,0,0,0,0,2018-09-09 00:08:58,0,5552,1.0
15809,AD00053,AAA7109053,149,114.157198,26.569215000000003,1,0,0,0,0,2018-09-09 00:08:59,0,5552,1.0
15810,AD00053,AAA7109053,149,114.157198,26.569215000000003,1,0,0,0,0,2018-09-09 00:09:00,0,5552,1.0
15811,AD00053,AAA7109053,149,114.157198,26.569215000000003,1,0,0,0,0,2018-09-09 00:09:01,0,5552,1.0
15812,AD00053,AAA7109053,149,114.157198,26.569215000000003,1,0,0,0,0,2018-09-09 00:09:02,0,5552,1.0
15813,AD00053,AAA7109053,149,114.157198,26.569215000000003,1,0,0,0,0,2018-09-09 00:09:03,0,5552,1.0
15814,AD00053,AAA7109053,149,114.157198,26.569215000000003,1,0,0,0,0,2018-09-09 00:09:04,0,5552,1.0
15815,AD00053,AAA7109053,149,114.157198,26.569215000000003,1,0,0,0,0,2018-09-09 00:09:05,0,5552,1.0
15816,AD00053,AAA7109053,149,114.157198,26.569215000000003,1,0,0,0,0,2018-09-09 00:09:06,0,5552,1.0
15817,AD00053,AAA7109053,149,114.157198,26.569215000000003,1,0,0,0,0,2018-09-09 00:09:07,0,5552,1.0
15818,AD00053,AAA7109053,149,114.157198,26.569215000000003,1,0,0,0,0,2018-09-09 00:09:08,0,5552,1.0
15819,AD00053,AAA7109053,149,114.157198,26.569215000000003,1,0,0,0,0,2018-09-09 00:09:09,0,5552,1.0
15820,AD00053,AAA7109053,149,114.157198,26.569215000000003,1,0,0,0,0,2018-09-09 00:09:10,0,5552,1.0
15821,AD00053,AAA7109053,149,114.157198,26.569215000000003,1,0,0,0,0,2018-09-09 00:09:11,0,5552,1.0
15822,AD00053,AAA7109053,149,114.157198,26.569215000000003,1,0,0,0,0,2018-09-09 00:09:12,0,5552,1.0
15823,AD00053,AAA7109053,149,114.157198,26.569215000000003,1,0,0,0,0,2018-09-09 00:09:13,0,5552,1.0
15824,AD00053,AAA7109053,149,114.157198,26.569215000000003,1,0,0,0,0,2018-09-09 00:09:14,0,5552,1.0
15825,AD00053,AAA7109053,149,114.157198,26.569215000000003,1,0,0,0,0,2018-09-09 00:09:15,0,5552,1.0
15826,AD00053,AAA7109053,149,114.157198,26.569215000000003,1,0,0,0,0,2018-09-09 00:09:16,0,5552,1.0
15827,AD00053,AAA7109053,149,114.157198,26.569215000000003,1,0,0,0,0,2018-09-09 00:09:17,0,5552,1.0
15828,AD00053,AAA7109053,149,114.157198,26.569215000000003,1,0,0,0,0,2018-09-09 00:09:18,0,5552,1.0
15829,AD00053,AAA7109053,149,114.157198,26.569215000000003,1,0,0,0,0,2018-09-09 00:09:19,0,5552,1.0
15830,AD00053,AAA7109053,149,114.157198,26.569215000000003,1,0,0,0,0,2018-09-09 00:09:20,0,5552,1.0
15831,AD00053,AAA7109053,149,114.157198,26.569215000000003,1,0,0,0,0,2018-09-09 00:09:21,0,5552,1.0
15832,AD00053,AAA7109053,149,114.157198,26.569215000000003,1,0,0,0,0,2018-09-09 00:09:22,0,5552,1.0
15833,AD00053,AAA7109053,149,114.157198,26.569215000000003,1,0,0,0,0,2018-09-09 00:09:23,0,5552,1.0
15834,AD00053,AAA7109053,149,114.157198,26.569215000000003,1,0,0,0,0,2018-09-09 00:09:24,0,5552,1.0
15835,AD00053,AAA7109053,149,114.157198,26.569215000000003,1,0,0,0,0,2018-09-09 00:09:25,0,5552,1.0
15836,AD00053,AAA7109053,149,114.157198,26.569215000000003,1,0,0,0,0,2018-09-09 00:09:26,0,5552,1.0
15837,AD00053,AAA7109053,149,114.157198,26.569215000000003,1,0,0,0,0,2018-09-09 00:09:27,0,5552,1.0
15838,AD00053,AAA7109053,149,114.157198,26.569215000000003,1,0,0,0,0,2018-09-09 00:09:28,0,5552,1.0
15839,AD00053,AAA7109053,149,114.157198,26.569215000000003,1,0,0,0,0,2018-09-09 00:09:29,0,5552,1.0
15840,AD00053,AAA7109053,149,114.157198,26.569215000000003,1,0,0,0,0,2018-09-09 00:09:30,0,5552,1.0
15841,AD00053,AAA7109053,149,114.157198,26.569215000000003,1,0,0,0,0,2018-09-09 00:09:31,0,5552,1.0
15842,AD00053,AAA7109053,149,114.157198,26.569215000000003,1,0,0,0,0,2018-09-09 00:09:32,0,5552,1.0
15843,AD00053,AAA7109053,138,114.157218,26.569205,1,0,0,0,0,2018-09-09 00:09:33,0,5552,1.0
15844,AD00053,AAA7109053,138,114.157218,26.569205,0,0,0,0,0,2018-09-09 00:09:34,0,5552,1.0
15845,AD00053,AAA7109053,138,114.157218,26.569205,0,0,0,0,0,2018-09-09 00:09:35,0,5552,1.0
15846,AD00053,AAA7109053,138,114.157218,26.569205,0,0,0,0,0,2018-09-09 00:09:36,0,5552,1.0
15847,AD00053,AAA7109053,138,114.157218,26.569205,0,0,0,0,0,2018-09-09 00:09:37,0,5552,1.0
15848,AD00053,AAA7109053,138,114.157218,26.569205,0,0,0,0,0,2018-09-09 00:09:38,0,5552,1.0
15849,AD00053,AAA7109053,138,114.157218,26.569205,0,0,0,0,0,2018-09-09 00:09:39,0,5552,1.0
15850,AD00053,AAA7109053,138,114.157218,26.569205,0,0,0,0,0,2018-09-09 00:09:40,0,5552,1.0
15851,AD00053,AAA7109053,138,114.157218,26.569205,0,0,0,0,0,2018-09-09 00:09:41,0,5552,1.0
15852,AD00053,AAA7109053,138,114.157218,26.569205,0,0,0,0,0,2018-09-09 00:09:42,0,5552,1.0
15853,AD00053,AAA7109053,138,114.157218,26.569205,0,0,0,0,0,2018-09-09 00:09:43,0,5552,1.0
15854,AD00053,AAA7109053,138,114.157218,26.569205,0,0,0,0,0,2018-09-09 00:09:44,0,5552,1.0
15855,AD00053,AAA7109053,138,114.157218,26.569205,0,0,0,0,0,2018-09-09 00:09:45,0,5552,1.0
15856,AD00053,AAA7109053,138,114.157218,26.569205,0,0,0,0,0,2018-09-09 00:09:46,0,5552,1.0
15857,AD00053,AAA7109053,138,114.157218,26.569205,0,0,0,0,0,2018-09-09 00:09:47,0,5552,1.0
15858,AD00053,AAA7109053,138,114.157218,26.569205,0,0,0,0,0,2018-09-09 00:09:48,0,5552,1.0
15859,AD00053,AAA7109053,138,114.157218,26.569205,0,0,0,0,0,2018-09-09 00:09:49,0,5552,1.0
15860,AD00053,AAA7109053,138,114.157218,26.569205,0,0,0,0,0,2018-09-09 00:09:50,0,5552,1.0
15861,AD00053,AAA7109053,138,114.157218,26.569205,0,0,0,0,0,2018-09-09 00:09:51,0,5552,1.0
15862,AD00053,AAA7109053,138,114.157218,26.569205,0,0,0,0,0,2018-09-09 00:09:52,0,5552,1.0
15863,AD00053,AAA7109053,138,114.157218,26.569205,0,0,0,0,0,2018-09-09 00:09:53,0,5552,1.0
15864,AD00053,AAA7109053,138,114.157218,26.569205,0,0,0,0,0,2018-09-09 00:09:54,0,5552,1.0
15865,AD00053,AAA7109053,138,114.157218,26.569205,0,0,0,0,0,2018-09-09 00:09:55,0,5552,1.0
15866,AD00053,AAA7109053,138,114.157218,26.569205,0,0,0,0,0,2018-09-09 00:09:56,0,5552,1.0
15867,AD00053,AAA7109053,138,114.157218,26.569205,0,0,0,0,0,2018-09-09 00:09:57,0,5552,1.0
15868,AD00053,AAA7109053,138,114.157218,26.569205,0,0,0,0,0,2018-09-09 00:09:58,0,5552,1.0
15869,AD00053,AAA7109053,138,114.157218,26.569205,0,0,0,0,0,2018-09-09 00:09:59,0,5552,1.0
15870,AD00053,AAA7109053,138,114.157218,26.569205,0,0,0,0,0,2018-09-09 00:10:00,0,5552,1.0
15871,AD00053,AAA7109053,138,114.157218,26.569205,0,0,0,0,0,2018-09-09 00:10:01,0,5552,1.0
15872,AD00053,AAA7109053,138,114.157218,26.569205,0,0,0,0,0,2018-09-09 00:10:02,0,5552,1.0
15873,AD00053,AAA7109053,138,114.157218,26.569205,0,0,0,0,0,2018-09-09 00:10:03,0,5552,1.0
15874,AD00053,AAA7109053,138,114.157218,26.569205,0,0,0,0,0,2018-09-09 00:10:04,0,5552,1.0
15875,AD00053,AAA7109053,138,114.157218,26.569205,0,0,0,0,0,2018-09-09 00:10:05,0,5552,1.0
15876,AD00053,AAA7109053,138,114.157218,26.569205,0,0,0,0,0,2018-09-09 00:10:06,0,5552,1.0
15877,AD00053,AAA7109053,138,114.157218,26.569205,0,0,0,0,0,2018-09-09 00:10:07,0,5552,1.0
15878,AD00053,AAA7109053,138,114.157218,26.569205,0,0,0,0,0,2018-09-09 00:10:08,0,5552,1.0
15879,AD00053,AAA7109053,138,114.157218,26.569205,0,0,0,0,0,2018-09-09 00:10:09,0,5552,1.0
15880,AD00053,AAA7109053,138,114.157218,26.569205,0,0,0,0,0,2018-09-09 00:10:10,0,5552,1.0
15881,AD00053,AAA7109053,138,114.157218,26.569205,0,0,0,0,0,2018-09-09 00:10:11,0,5552,1.0
15882,AD00053,AAA7109053,138,114.157218,26.569205,0,0,0,0,0,2018-09-09 00:10:12,0,5552,1.0
15883,AD00053,AAA7109053,138,114.157218,26.569205,0,0,0,0,0,2018-09-09 00:10:13,0,5552,1.0
15884,AD00053,AAA7109053,138,114.157218,26.569205,0,0,0,0,0,2018-09-09 00:10:14,0,5552,1.0
15885,AD00053,AAA7109053,138,114.157218,26.569205,0,0,0,0,0,2018-09-09 00:10:15,0,5552,1.0
15886,AD00053,AAA7109053,138,114.157218,26.569205,0,0,0,0,0,2018-09-09 00:10:16,0,5552,1.0
15887,AD00053,AAA7109053,138,114.157218,26.569205,0,0,0,0,0,2018-09-09 00:10:17,0,5552,1.0
15888,AD00053,AAA7109053,138,114.157218,26.569205,0,0,0,0,0,2018-09-09 00:10:18,0,5552,1.0
15889,AD00053,AAA7109053,138,114.157218,26.569205,0,0,0,0,0,2018-09-09 00:10:19,0,5552,1.0
15890,AD00053,AAA7109053,138,114.157218,26.569205,0,0,0,0,0,2018-09-09 00:10:20,0,5552,1.0
15891,AD00053,AAA7109053,138,114.157218,26.569205,0,0,0,0,0,2018-09-09 00:10:21,0,5552,1.0
15892,AD00053,AAA7109053,138,114.157218,26.569205,0,0,0,0,0,2018-09-09 00:10:22,0,5552,1.0
15893,AD00053,AAA7109053,138,114.157218,26.569205,0,0,0,0,0,2018-09-09 00:10:23,0,5552,1.0
15894,AD00053,AAA7109053,138,114.157218,26.569205,0,0,0,0,0,2018-09-09 00:10:24,0,5552,1.0
15895,AD00053,AAA7109053,138,114.157218,26.569205,0,0,0,0,0,2018-09-09 00:10:25,0,5552,1.0
15896,AD00053,AAA7109053,138,114.157218,26.569205,0,0,0,0,0,2018-09-09 00:10:26,0,5552,1.0
15897,AD00053,AAA7109053,138,114.157218,26.569205,0,0,0,0,0,2018-09-09 00:10:27,0,5552,1.0
15898,AD00053,AAA7109053,138,114.157218,26.569205,0,0,0,0,0,2018-09-09 00:10:28,0,5552,1.0
15899,AD00053,AAA7109053,138,114.157218,26.569205,0,0,0,0,0,2018-09-09 00:10:29,0,5552,1.0
15900,AD00053,AAA7109053,138,114.157218,26.569205,0,0,0,0,0,2018-09-09 00:10:30,0,5552,1.0
15901,AD00053,AAA7109053,138,114.157218,26.569205,0,0,0,0,0,2018-09-09 00:10:31,0,5552,1.0
15902,AD00053,AAA7109053,138,114.157218,26.569205,0,0,0,0,0,2018-09-09 00:10:32,0,5552,1.0
15903,AD00053,AAA7109053,138,114.157218,26.569205,0,0,0,0,0,2018-09-09 00:10:33,0,5552,1.0
15904,AD00053,AAA7109053,138,114.157218,26.569205,0,0,0,0,0,2018-09-09 00:10:34,0,5552,1.0
15905,AD00053,AAA7109053,138,114.157218,26.569205,0,0,0,0,0,2018-09-09 00:10:35,0,5552,1.0
15906,AD00053,AAA7109053,138,114.157218,26.569205,0,0,0,0,0,2018-09-09 00:10:36,0,5552,2.0
15907,AD00053,AAA7109053,138,114.157218,26.569205,0,0,0,0,0,2018-09-09 00:10:38,0,5552,1.0
15908,AD00053,AAA7109053,138,114.157218,26.569205,0,0,0,0,0,2018-09-09 00:10:39,0,5552,1.0
15909,AD00053,AAA7109053,138,114.157218,26.569205,0,0,0,0,0,2018-09-09 00:10:40,0,5552,1.0
15910,AD00053,AAA7109053,138,114.157218,26.569205,0,0,0,0,0,2018-09-09 00:10:41,0,5552,1.0
15911,AD00053,AAA7109053,138,114.157218,26.569205,0,0,0,0,0,2018-09-09 00:10:42,0,5552,1.0
15912,AD00053,AAA7109053,138,114.157218,26.569205,0,0,0,0,0,2018-09-09 00:10:43,0,5552,1.0
15913,AD00053,AAA7109053,138,114.157218,26.569205,0,0,0,0,0,2018-09-09 00:10:44,0,5552,1.0
15914,AD00053,AAA7109053,138,114.157218,26.569205,0,0,0,0,0,2018-09-09 00:10:45,0,5552,1.0
15915,AD00053,AAA7109053,138,114.157218,26.569205,0,0,0,0,0,2018-09-09 00:10:46,0,5552,1.0
15916,AD00053,AAA7109053,138,114.157218,26.569205,0,0,0,0,0,2018-09-09 00:10:47,0,5552,1.0
15917,AD00053,AAA7109053,138,114.157218,26.569205,0,0,0,0,0,2018-09-09 00:10:48,0,5552,1.0
15918,AD00053,AAA7109053,138,114.157218,26.569205,0,0,0,0,0,2018-09-09 00:10:49,0,5552,1.0
15919,AD00053,AAA7109053,138,114.157218,26.569205,0,0,0,0,0,2018-09-09 00:10:50,0,5552,1.0
15920,AD00053,AAA7109053,138,114.157218,26.569205,0,0,0,0,0,2018-09-09 00:10:51,0,5552,1.0
15921,AD00053,AAA7109053,138,114.157218,26.569205,0,0,0,0,0,2018-09-09 00:10:52,0,5552,1.0
15922,AD00053,AAA7109053,138,114.157218,26.569205,0,0,0,0,0,2018-09-09 00:10:53,0,5552,1.0
15923,AD00053,AAA7109053,138,114.157218,26.569205,0,0,0,0,0,2018-09-09 00:10:54,0,5552,1.0
15924,AD00053,AAA7109053,138,114.157218,26.569205,0,0,0,0,0,2018-09-09 00:10:55,0,5552,1.0
15925,AD00053,AAA7109053,138,114.157218,26.569205,0,0,0,0,0,2018-09-09 00:10:56,0,5552,1.0
15926,AD00053,AAA7109053,138,114.157218,26.569205,0,0,0,0,0,2018-09-09 00:10:57,0,5552,1.0
15927,AD00053,AAA7109053,138,114.157218,26.569205,0,0,0,0,0,2018-09-09 00:10:58,0,5552,1.0
15928,AD00053,AAA7109053,138,114.157218,26.569205,0,0,0,0,0,2018-09-09 00:10:59,0,5552,1.0
15929,AD00053,AAA7109053,138,114.157218,26.569205,0,0,0,0,0,2018-09-09 00:11:00,0,5552,1.0
15930,AD00053,AAA7109053,138,114.157218,26.569205,0,0,0,0,0,2018-09-09 00:11:01,0,5552,1.0
15931,AD00053,AAA7109053,138,114.157218,26.569205,0,0,0,0,0,2018-09-09 00:11:02,0,5552,1.0
15932,AD00053,AAA7109053,138,114.157218,26.569205,0,0,0,0,0,2018-09-09 00:11:03,0,5552,1.0
15933,AD00053,AAA7109053,138,114.157218,26.569205,0,0,0,0,0,2018-09-09 00:11:04,0,5552,1.0
15934,AD00053,AAA7109053,138,114.157218,26.569205,0,0,0,0,0,2018-09-09 00:11:05,0,5552,1.0
15935,AD00053,AAA7109053,138,114.157218,26.569205,0,0,0,0,0,2018-09-09 00:11:06,0,5552,1.0
15936,AD00053,AAA7109053,138,114.157218,26.569205,0,0,0,0,0,2018-09-09 00:11:07,0,5552,1.0
15937,AD00053,AAA7109053,138,114.157218,26.569205,0,0,0,0,0,2018-09-09 00:11:08,0,5552,1.0
15938,AD00053,AAA7109053,138,114.157218,26.569205,0,0,0,0,0,2018-09-09 00:11:09,0,5552,1.0
15939,AD00053,AAA7109053,138,114.157218,26.569205,0,0,0,0,0,2018-09-09 00:11:10,0,5552,1.0
15940,AD00053,AAA7109053,138,114.157218,26.569205,0,0,0,0,0,2018-09-09 00:11:11,0,5552,1.0
15941,AD00053,AAA7109053,138,114.157218,26.569205,0,0,0,0,0,2018-09-09 00:11:12,0,5552,1.0
15942,AD00053,AAA7109053,138,114.157218,26.569205,0,0,0,0,0,2018-09-09 00:11:13,0,5552,1.0
15943,AD00053,AAA7109053,138,114.157218,26.569205,0,0,0,0,0,2018-09-09 00:11:14,0,5552,1.0
15944,AD00053,AAA7109053,138,114.157218,26.569205,0,0,0,0,0,2018-09-09 00:11:15,0,5552,1.0
15945,AD00053,AAA7109053,138,114.157218,26.569205,0,0,0,0,0,2018-09-09 00:11:16,0,5552,1.0
15946,AD00053,AAA7109053,138,114.157218,26.569205,0,0,0,0,0,2018-09-09 00:11:17,0,5552,1.0
15947,AD00053,AAA7109053,138,114.157218,26.569205,0,0,0,0,0,2018-09-09 00:11:18,0,5552,1.0
15948,AD00053,AAA7109053,138,114.157218,26.569205,0,0,0,0,0,2018-09-09 00:11:19,0,5552,1.0
15949,AD00053,AAA7109053,138,114.157218,26.569205,0,0,0,0,0,2018-09-09 00:11:20,0,5552,1.0
15950,AD00053,AAA7109053,138,114.157218,26.569205,0,0,0,0,0,2018-09-09 00:11:21,0,5552,1.0
15951,AD00053,AAA7109053,138,114.157218,26.569205,0,0,0,0,0,2018-09-09 00:11:22,0,5552,1.0
15952,AD00053,AAA7109053,138,114.157218,26.569205,0,0,0,0,0,2018-09-09 00:11:23,0,5552,1.0
15953,AD00053,AAA7109053,138,114.157218,26.569205,0,0,0,0,0,2018-09-09 00:11:24,0,5552,1.0
15954,AD00053,AAA7109053,138,114.157218,26.569205,0,0,0,0,0,2018-09-09 00:11:25,0,5552,1.0
15955,AD00053,AAA7109053,138,114.157218,26.569205,0,0,0,0,0,2018-09-09 00:11:26,0,5552,1.0
15956,AD00053,AAA7109053,138,114.157218,26.569205,0,0,0,0,0,2018-09-09 00:11:27,0,5552,1.0
15957,AD00053,AAA7109053,138,114.157218,26.569205,0,0,0,0,0,2018-09-09 00:11:28,0,5552,1.0
15958,AD00053,AAA7109053,138,114.157218,26.569205,0,0,0,0,0,2018-09-09 00:11:29,0,5552,1.0
15959,AD00053,AAA7109053,138,114.157218,26.569205,0,0,0,0,0,2018-09-09 00:11:30,0,5552,1.0
15960,AD00053,AAA7109053,138,114.157218,26.569205,0,0,0,0,0,2018-09-09 00:11:31,0,5552,1.0
15961,AD00053,AAA7109053,138,114.157218,26.569205,0,0,0,0,0,2018-09-09 00:11:32,0,5552,1.0
15962,AD00053,AAA7109053,138,114.157218,26.569205,0,0,0,0,0,2018-09-09 00:11:33,0,5552,1.0
15963,AD00053,AAA7109053,138,114.157218,26.569205,0,0,0,0,0,2018-09-09 00:11:34,0,5552,1.0
15964,AD00053,AAA7109053,138,114.157218,26.569205,0,0,0,0,0,2018-09-09 00:11:35,0,5552,1.0
15965,AD00053,AAA7109053,138,114.157218,26.569205,0,0,0,0,0,2018-09-09 00:11:36,0,5552,1.0
15966,AD00053,AAA7109053,138,114.157218,26.569205,0,0,0,0,0,2018-09-09 00:11:37,0,5552,1.0
15967,AD00053,AAA7109053,138,114.157218,26.569205,0,0,0,0,0,2018-09-09 00:11:38,0,5552,1.0
15968,AD00053,AAA7109053,138,114.157218,26.569205,0,0,0,0,0,2018-09-09 00:11:39,0,5552,1.0
15969,AD00053,AAA7109053,138,114.157218,26.569205,0,0,0,0,0,2018-09-09 00:11:40,0,5552,1.0
15970,AD00053,AAA7109053,138,114.157218,26.569205,0,0,0,0,0,2018-09-09 00:11:41,0,5552,1.0
15971,AD00053,AAA7109053,138,114.157218,26.569205,0,0,0,0,0,2018-09-09 00:11:42,0,5552,1.0
15972,AD00053,AAA7109053,138,114.157218,26.569205,0,0,0,0,0,2018-09-09 00:11:43,0,5552,1.0
15973,AD00053,AAA7109053,138,114.157218,26.569205,0,0,0,0,0,2018-09-09 00:11:44,0,5552,1.0
15974,AD00053,AAA7109053,138,114.157218,26.569205,0,0,0,0,0,2018-09-09 00:11:45,0,5552,1.0
15975,AD00053,AAA7109053,138,114.157218,26.569205,0,0,0,0,0,2018-09-09 00:11:46,0,5552,1.0
15976,AD00053,AAA7109053,138,114.157218,26.569205,0,0,0,0,0,2018-09-09 00:11:47,0,5552,1.0
15977,AD00053,AAA7109053,138,114.157218,26.569205,0,0,0,0,0,2018-09-09 00:11:48,0,5552,1.0
15978,AD00053,AAA7109053,138,114.157218,26.569205,0,0,0,0,0,2018-09-09 00:11:49,0,5552,1.0
15979,AD00053,AAA7109053,138,114.157218,26.569205,0,0,0,0,0,2018-09-09 00:11:50,0,5552,1.0
15980,AD00053,AAA7109053,138,114.157218,26.569205,0,0,0,0,0,2018-09-09 00:11:51,0,5552,1.0
15981,AD00053,AAA7109053,138,114.157218,26.569205,0,0,0,0,0,2018-09-09 00:11:52,0,5552,1.0
15982,AD00053,AAA7109053,138,114.157218,26.569205,0,0,0,0,0,2018-09-09 00:11:53,0,5552,1.0
15983,AD00053,AAA7109053,138,114.157218,26.569205,0,0,0,0,0,2018-09-09 00:11:54,0,5552,1.0
15984,AD00053,AAA7109053,138,114.157218,26.569205,0,0,0,0,0,2018-09-09 00:11:55,0,5552,1.0
15985,AD00053,AAA7109053,138,114.157218,26.569205,0,0,0,0,0,2018-09-09 00:11:56,0,5552,1.0
15986,AD00053,AAA7109053,138,114.157218,26.569205,0,0,0,0,0,2018-09-09 00:11:57,0,5552,1.0
15987,AD00053,AAA7109053,138,114.157218,26.569205,0,0,0,0,0,2018-09-09 00:11:58,0,5552,1.0
15988,AD00053,AAA7109053,138,114.157218,26.569205,0,0,0,0,0,2018-09-09 00:11:59,0,5552,1.0
15989,AD00053,AAA7109053,138,114.157218,26.569205,0,0,0,0,0,2018-09-09 00:12:00,0,5552,1.0
15990,AD00053,AAA7109053,138,114.157218,26.569205,0,0,0,0,0,2018-09-09 00:12:01,0,5552,1.0
15991,AD00053,AAA7109053,138,114.157218,26.569205,0,0,0,0,0,2018-09-09 00:12:02,0,5552,1.0
15992,AD00053,AAA7109053,138,114.157218,26.569205,0,0,0,0,0,2018-09-09 00:12:03,0,5552,1.0
15993,AD00053,AAA7109053,138,114.157218,26.569205,0,0,0,0,0,2018-09-09 00:12:04,0,5552,1.0
15994,AD00053,AAA7109053,138,114.157218,26.569205,0,0,0,0,0,2018-09-09 00:12:05,0,5552,1.0
15995,AD00053,AAA7109053,138,114.157218,26.569205,0,0,0,0,0,2018-09-09 00:12:06,0,5552,1.0
15996,AD00053,AAA7109053,138,114.157218,26.569205,0,0,0,0,0,2018-09-09 00:12:07,0,5552,1.0
15997,AD00053,AAA7109053,138,114.157218,26.569205,0,0,0,0,0,2018-09-09 00:12:08,0,5552,1.0
15998,AD00053,AAA7109053,138,114.157218,26.569205,0,0,0,0,0,2018-09-09 00:12:09,0,5552,1.0
15999,AD00053,AAA7109053,138,114.157218,26.569205,0,0,0,0,0,2018-09-09 00:12:10,0,5552,1.0
16000,AD00053,AAA7109053,138,114.157218,26.569205,0,0,0,0,0,2018-09-09 00:12:11,0,5552,1.0
16001,AD00053,AAA7109053,138,114.157218,26.569205,0,0,0,0,0,2018-09-09 00:12:12,0,5552,1.0
16002,AD00053,AAA7109053,138,114.157218,26.569205,0,0,0,0,0,2018-09-09 00:12:13,0,5552,1.0
16003,AD00053,AAA7109053,138,114.157218,26.569205,0,0,0,0,0,2018-09-09 00:12:14,0,5552,1.0
16004,AD00053,AAA7109053,138,114.157218,26.569205,0,0,0,0,0,2018-09-09 00:12:15,0,5552,1.0
16005,AD00053,AAA7109053,138,114.157218,26.569205,0,0,0,0,0,2018-09-09 00:12:16,0,5552,1.0
16006,AD00053,AAA7109053,138,114.157218,26.569205,0,0,0,0,0,2018-09-09 00:12:17,0,5552,1.0
16007,AD00053,AAA7109053,138,114.157218,26.569205,0,0,0,0,0,2018-09-09 00:12:18,0,5552,1.0
16008,AD00053,AAA7109053,138,114.157218,26.569205,0,0,0,0,0,2018-09-09 00:12:19,0,5552,1.0
16009,AD00053,AAA7109053,138,114.157218,26.569205,0,0,0,0,0,2018-09-09 00:12:20,0,5552,1.0
16010,AD00053,AAA7109053,138,114.157218,26.569205,0,0,0,0,0,2018-09-09 00:12:21,0,5552,1.0
16011,AD00053,AAA7109053,138,114.157218,26.569205,0,0,0,0,0,2018-09-09 00:12:22,0,5552,1.0
16012,AD00053,AAA7109053,138,114.157218,26.569205,0,0,0,0,0,2018-09-09 00:12:23,0,5552,1.0
16013,AD00053,AAA7109053,138,114.157218,26.569205,0,0,0,0,0,2018-09-09 00:12:24,0,5552,1.0
16014,AD00053,AAA7109053,138,114.157218,26.569205,0,0,0,0,0,2018-09-09 00:12:25,0,5552,1.0
16015,AD00053,AAA7109053,138,114.157218,26.569205,0,0,0,0,0,2018-09-09 00:12:26,0,5552,1.0
16016,AD00053,AAA7109053,138,114.157218,26.569205,0,0,0,0,0,2018-09-09 00:12:27,0,5552,1.0
16017,AD00053,AAA7109053,138,114.157218,26.569205,0,0,0,0,0,2018-09-09 00:12:28,0,5552,1.0
16018,AD00053,AAA7109053,138,114.157218,26.569205,0,0,0,0,0,2018-09-09 00:12:29,0,5552,1.0
16019,AD00053,AAA7109053,138,114.157218,26.569205,0,0,0,0,0,2018-09-09 00:12:30,0,5552,1.0
16020,AD00053,AAA7109053,138,114.157218,26.569205,0,0,0,0,0,2018-09-09 00:12:31,0,5552,2.0
16021,AD00053,AAA7109053,138,114.157218,26.569205,0,0,0,0,0,2018-09-09 00:12:33,0,5552,1.0
16022,AD00053,AAA7109053,138,114.157218,26.569205,0,0,0,0,0,2018-09-09 00:12:34,0,5552,1.0
16023,AD00053,AAA7109053,138,114.157218,26.569205,0,0,0,0,0,2018-09-09 00:12:35,0,5552,2.0
16024,AD00053,AAA7109053,138,114.157218,26.569205,0,0,0,0,0,2018-09-09 00:12:37,0,5552,3.0
16025,AD00053,AAA7109053,138,114.157218,26.569205,0,0,0,0,0,2018-09-09 00:12:40,0,5552,1.0
16026,AD00053,AAA7109053,138,114.157218,26.569205,0,0,0,0,0,2018-09-09 00:12:41,0,5552,1.0
16027,AD00053,AAA7109053,138,114.157218,26.569205,0,0,0,0,0,2018-09-09 00:12:42,0,5552,2.0
16028,AD00053,AAA7109053,138,114.157218,26.569205,0,0,0,0,0,2018-09-09 00:12:44,0,5552,3.0
16029,AD00053,AAA7109053,138,114.157218,26.569205,0,0,0,0,0,2018-09-09 00:12:47,0,5552,1.0
16030,AD00053,AAA7109053,138,114.157218,26.569205,0,0,0,0,0,2018-09-09 00:12:48,0,5552,1.0
16031,AD00053,AAA7109053,138,114.157218,26.569205,0,0,0,0,0,2018-09-09 00:12:49,0,5552,3.0
16032,AD00053,AAA7109053,138,114.157218,26.569205,0,0,0,0,0,2018-09-09 00:12:52,0,5552,1.0
16033,AD00053,AAA7109053,138,114.157218,26.569205,0,0,0,0,0,2018-09-09 00:12:53,0,5552,1.0
16034,AD00053,AAA7109053,138,114.157218,26.569205,0,0,0,0,0,2018-09-09 00:12:54,0,5552,3.0
16035,AD00053,AAA7109053,138,114.157218,26.569205,0,0,0,0,0,2018-09-09 00:12:57,0,5552,1.0
16036,AD00053,AAA7109053,138,114.157218,26.569205,0,0,0,0,0,2018-09-09 00:12:58,0,5552,1.0
16037,AD00053,AAA7109053,138,114.157218,26.569205,0,0,0,0,0,2018-09-09 00:12:59,0,5552,1859.0
